; TODO add documenation
; commit 5933a4bd2787423
; date Wed Aug 20 17:58:42 2025
; UNITS:, Tg, Gg, Gg, Tg CH4, Tg CO, Gg, Gg, Gg, Gg, Gg, Gg, Gg, Tg N, Tg, Tg NMVOC, Tg N, Tg, Gg, Gg S, Pg C/yr, Pg C/yr, Pg C/yr, Pg C/yr
Date,BC_emissions,C2F6_emissions,CF4_emissions,CH4_emissions,CO_emissions,HFC125_emissions,HFC134a_emissions,HFC143a_emissions,HFC227ea_emissions,HFC23_emissions,HFC245fa_emissions,HFC32_emissions,N2O_emissions,NH3_emissions,NMVOC_emissions,NOX_emissions,OC_emissions,SF6_emissions,SO2_emissions,daccs_uptake,ffi_emissions,luc_emissions,luc_uptake
1745,2.1200932073908136,0,0.010071225,26.990539261007317,348.83826471526874,0,0,0,0,0,0,0,0.6478566891557411,6.752105669282429,60.93160287091461,5.919754128157674,16.02045195409406,0,1176.7530986171007,0,0.00238454172655907,0.08290549066039385,0
1746,2.1200932073908136,0,0.010071225,26.990539261007317,348.83826471526874,0,0,0,0,0,0,0,0.6478566891557411,6.752105669282429,60.93160287091461,5.919754128157674,16.02045195409406,0,1176.7530986171007,0,0.00238454172655907,0.08464680272956468,0
1747,2.1200932073908136,0,0.010071225,26.990539261007317,348.83826471526874,0,0,0,0,0,0,0,0.6478566891557411,6.752105669282429,60.93160287091461,5.919754128157674,16.02045195409406,0,1176.7530986171007,0,0.00238454172655907,0.08642468858532175,0
1748,2.1200932073908136,0,0.010071225,26.990539261007317,348.83826471526874,0,0,0,0,0,0,0,0.6478566891557411,6.752105669282429,60.93160287091461,5.919754128157674,16.02045195409406,0,1176.7530986171007,0,0.00238454172655907,0.08823991640810147,0
1749,2.1200932073908136,0,0.010071225,26.990539261007317,348.83826471526874,0,0,0,0,0,0,0,0.6478566891557411,6.752105669282429,60.93160287091461,5.919754128157674,16.02045195409406,0,1176.7530986171007,0,0.00238454172655907,0.0900932705128792,0
1750,2.1200932073908136,0,0.010071225,26.990539261007317,348.83826471526874,0,0,0,0,0,0,0,0.6478566891557411,6.752105669282429,60.93160287091461,5.919754128157674,16.02045195409406,0,1176.7530986171007,0,0.00238454172655907,0.09198555168805225,0
1751,2.09569450784233,0,0.010071225,26.82281370397756,344.229340660338,0,0,0,0,0,0,0,0.6406163422803232,6.6836059079966015,59.99924178186863,5.8528462999353925,15.762729178198928,0,1159.6330156155514,0,0.0023845417265590707,0.0939175775414408,0
1752,2.087551402999103,0,0.010071225,26.73295490914687,342.10793466510404,0,0,0,0,0,0,0,0.637458108189667,6.642036682344549,59.54519823779335,5.853675809402123,15.609871308523523,0,1153.1267417651443,0,0.0023854761081133686,0.09589018285355586,0
1753,2.0956851883566583,0,0.010071225,26.898952399674787,343.9763520164273,0,0,0,0,0,0,0,0.6398865331639593,6.703241064050261,59.942927939637016,5.828126804712403,15.759778528607761,0,1159.2150287050767,0,0.0023854761081133773,0.09790421993828737,0
1754,2.1236100855011104,0,0.010071225,27.219634500570383,350.12517432759944,0,0,0,0,0,0,0,0.6518668739224558,6.83635229817037,61.191228801888975,5.873397599537492,16.138189072761836,0,1184.1929923183063,0,0.002386410489667676,0.09996055901116785,0
1755,2.123916270726118,0,0.010071225,27.141795497944127,348.4508568877354,0,0,0,0,0,0,0,0.6480535970482945,6.764198040737362,60.74832547672823,5.9336942503725325,15.938886966870493,0,1174.1112981225792,0,0.0023873448712219644,0.10206008856537098,0
1756,2.0940646741985245,0,0.010071225,27.036535855264823,343.6184913039075,0,0,0,0,0,0,0,0.6388735344641099,6.7420384975008725,59.871861695582375,5.7699257750189865,15.777777747183947,0,1161.0425307842288,0,0.0025517960247777595,0.10420371575560756,0
1757,2.1736759997189736,0,0.010071225,27.525866482806315,356.2557362384776,0,0,0,0,0,0,0,0.6606153671078719,6.866347904725992,62.195059213315105,6.1050640404535805,16.289179181270878,0,1204.5349660251766,0,0.0025527304063320475,0.10639236679008449,0
1758,2.146803324933056,0,0.010071225,27.361969746125276,352.1464497598028,0,0,0,0,0,0,0,0.6566117010810739,6.813209378860494,61.36748759260398,6.033061406933128,16.100249194272493,0,1192.122125030031,0,0.0025536647878863544,0.10862698733069638,0
1759,2.143935581033503,0,0.010071225,27.49381293579647,351.81314537713007,0,0,0,0,0,0,0,0.6526676034684544,6.862942646335737,61.380944092638295,5.926931439897367,16.161305265655106,0,1187.6421436850846,0,0.002554599169440637,0.11090854290162279,0
1760,2.1549694101461325,0,0.010071225,27.69187062224933,354.7273233839717,0,0,0,0,0,0,0,0.6580308808993628,6.94431591341435,61.9911210319844,5.908210129164072,16.408286687056847,0,1200.3903244606292,0,0.002554599169440636,0.11323801930650712,0
1761,2.1654840284739514,0,0.010071225,27.65585115955286,355.0127663432142,0,0,0,0,0,0,0,0.6594601623211648,6.896224273523202,61.926505420745,6.026754462807446,16.282614299772508,0,1205.2011749331489,0,0.002798472755111459,0.11561642305439811,0
1762,2.130009343029635,0,0.010071225,27.56915536729345,349.5452472153527,0,0,0,8.32e-8,0,0,1.51e-6,0.648250269452773,6.88685392467325,60.97056013885038,5.808323725701851,16.11809821240494,0,1184.3953951504764,0,0.002799407136665752,0.11804478179463726,0
1763,2.1358881737945574,0,0.010071225,27.578593506590273,350.35528419208856,0,0,0,6.68e-7,0,0,1.24e-5,0.6517648287494807,6.881348062567582,61.07335732617603,5.870499951391115,16.120638583062252,0,1190.3087819476673,0,0.002800341518220045,0.12052414476088091,0
1764,2.100941793047,0,0.010071225,27.20786123724739,342.3274252555708,0,0,0,1.27e-6,0,0,2.5e-5,0.6384033391993975,6.7109181422341955,59.38472520874386,5.844083628213518,15.55340627548264,0,1157.9670454588954,0,0.002801275899774333,0.12305558322444791,0
1765,2.1536603688686315,0,0.010071225,27.779211930747643,353.23140578609645,0,0,0,1.39e-6,0,0,3.03e-5,0.6566004527641368,6.923949694867163,61.58185506979278,5.91948070105479,16.277434005827104,0,1199.3265641903781,0,0.002802210281328629,0.12564019095718948,0
1766,2.1410294942890604,0,0.010071225,27.630850935082158,349.6678880716241,0,0,0,1.42e-6,0,0,3.44e-5,0.6507743393268947,6.84680785903862,60.81309459830591,5.929455233957462,15.957456977385288,0,1189.3837906484562,0,0.0031264406806687595,0.12827908470408092,0
1767,2.143620067732822,0,0.010071225,27.684960253750866,349.9028464658653,0,0,0,1.46e-6,0,0,3.84e-5,0.6505119544937253,6.854975930610439,60.84805205580599,5.922648771458618,16.00093236555302,0,1190.556616164943,0,0.003127375062223044,0.13097340466573956,0
1768,2.214986389876331,0,0.010071225,28.252604602022334,362.95963322283694,0,0,0,1.49e-6,0,0,4.25e-5,0.674353199778758,7.032554436027177,63.32932426988011,6.166017688129703,16.66678662908412,0,1238.0908806663335,0,0.003128309443777348,0.13372431499107706,0
1769,2.170003580611731,0,0.010071225,27.99362197232526,355.31875440115783,0,0,0,1.53e-6,0,0,4.65e-5,0.6612450603573226,6.965768022877263,61.91438594882278,5.974912502668359,16.3393060253069,0,1214.477491688322,0,0.003129243825331638,0.13653300428029932,0
1770,2.17232285250649,0,0.010071225,28.034289785827045,355.65361930484914,0,0,0,1.57e-6,0,0,5.06e-5,0.6626182020640713,6.962951025407206,61.93271508374783,5.994029833076084,16.348592370028154,0,1215.4870707695916,0,0.0031301782068859385,0.1394006860984713,0
1771,2.1344652897439227,0,0.010071225,27.79829028501193,348.13641066138604,0,0,0,1.6e-6,0,0,5.47e-5,0.6501063821705538,6.876191849689004,60.39498412235719,5.864685723566595,15.929150957192379,0,1192.1198048247172,0,0.0034712274742033575,0.14232859949986834,0
1772,2.1213294067829604,0,0.010071225,27.72421071705762,344.8813247653829,0,0,0,1.64e-6,0,0,5.87e-5,0.6444668991650059,6.850306931232758,59.70061659402744,5.81807602271319,15.723054732224455,0,1179.7633407445994,0,0.0034721618557576463,0.1453180095633408,0
1773,2.127732628845697,0,0.010071225,27.883320721953833,346.04482246525157,0,0,0,1.67e-6,0,0,6.28e-5,0.6463575539845379,6.911816143397766,59.89851191917275,5.791391400107142,15.815680618046633,0,1182.6778248326198,0,0.0034730962373119437,0.14837020793892333,0
1774,2.1906895542824176,0,0.010071225,28.50488941016007,358.38900703198595,0,0,0,1.71e-6,0,0,6.68e-5,0.6696138492432756,7.155530920049585,62.30498764194515,5.939166520208342,16.489639963694493,0,1228.6260414404328,0,0.0034740306188662433,0.1514865134059249,0
1775,2.1854917618173673,0,0.010071225,28.399976653483943,355.32635620752694,0,0,0,1.75e-6,0,0,7.09e-5,0.6637504488290243,7.077497383022471,61.53727504636227,5.97887879200171,16.204732148206546,0,1213.0258094951182,0,0.0034749650004205386,0.1546682724427406,0
1776,2.1492310096229237,0,0.010071225,28.300468806442016,349.1608093562881,0,0,0,1.78e-6,0,0,7.49e-5,0.6520360416085418,7.0694429735453985,60.382258024795995,5.76246459595652,15.987227644460178,0,1198.2843865262946,0,0.0038347018988238416,0.15791685980863154,0
1777,2.2081352380912462,0,0.010071225,28.67742235259476,357.8192714313118,0,0,0,1.82e-6,0,0,7.9e-5,0.6668022673820247,7.16423334584259,61.902912191093215,6.008729738226278,16.293041775406696,0,1226.0783849932727,0,0.003835636280378141,0.1612336791377245,0
1778,2.2366473149648782,0,0.010071225,28.91252655874304,363.03573871253616,0,0,0,1.85e-6,0,0,8.3e-5,0.6795610700322087,7.24312840005056,62.80027016754781,6.136128611883388,16.521346649924208,0,1246.013210946773,0,0.0038365706619324282,0.16462016354548714,0
1779,2.198914884677227,0,0.010071225,28.82204829747874,356.1944354653174,0,0,0,1.89e-6,0,0,8.71e-5,0.6644664061137067,7.2274136254433285,61.5216254093212,5.897219789956853,16.2508808585528,0,1218.231834553183,0,0.0038375050434867226,0.16807777624794204,0
1780,2.2266102174753946,0,0.010071225,29.19111070840886,361.8817728140498,0,0,0,1.92e-6,0,0,9.1e-5,0.67437598282242,7.378442471883618,62.64714063751645,5.905489496968406,16.63982278093571,0,1239.823031320026,0,0.003858720509200988,0.1716080111938858,0
1781,2.2276962997318677,0,0.010071225,29.10290279666077,360.34713534398173,0,0,0,1.96e-6,0,0,9.52e-5,0.6724396727306643,7.313849460725734,62.226071125498,5.981161864847313,16.430477180205976,0,1242.1746714267872,0,0.0043139901882986624,0.1752123937103875,0
1782,2.1995537851329017,0,0.010071225,29.09111338322383,356.29608013440026,0,0,0,2e-6,0,0,9.92e-5,0.6641755850263267,7.326874515476364,61.52167828913995,5.786161504601304,16.33841842087167,0,1225.8816313768348,0,0.004315446969638777,0.17889248116184456,0
1783,2.190560946549725,0,0.010071225,29.02292088184909,354.53241216025754,0,0,0,2.03e-6,0,0,1.03e-4,0.6629961785625025,7.302607238069452,61.14136493906147,5.778188083319048,16.23490330047241,0,1223.9548493154912,0,0.004317837901221553,0.18264986362288166,0
1784,2.1813282594662486,0,0.010071225,28.828046086691135,350.8083893084533,0,0,0,2.07e-6,0,0,1.07e-4,0.6573174118570787,7.186517574653757,60.254832055423854,5.849644057530015,15.857644995943524,0,1206.4108466384498,0,0.004318240065346316,0.1864861645653821,0
1785,2.207382632682568,0,0.010071225,29.22559072403381,357.0519185495573,0,0,0,2.1e-6,0,0,1.11e-4,0.6677689277388639,7.342917337853553,61.5433020532677,5.828445496034902,16.365010346516094,0,1232.0914895740048,0,0.004322412014630569,0.19040304155995022,0
1786,2.200853217071998,0,0.010071225,29.15444399857313,354.43753566836085,0,0,0,2.14e-6,0,0,1.15e-4,0.662845327916404,7.294927616487678,60.96765885492741,5.835066411855964,16.100960475006524,0,1229.5212812703116,0,0.00490558011425404,0.19440218699210635,0
1787,2.228229284097028,0,0.010071225,29.38316331644703,359.03078247999895,0,0,0,2.18e-6,0,0,1.19e-4,0.6709422874797759,7.35827771117548,61.81190442768308,5.925211768878713,16.346712725406086,0,1246.666234618896,0,0.004907794549953112,0.1984853287935248,0
1788,2.2992429770369673,0,0.010071225,29.944689136860298,371.60719747749863,0,0,0,2.21e-6,0,0,1.23e-4,0.6937355194962467,7.5334755877805435,64.19089787635147,6.160705701322454,16.982940884532823,0,1290.6324651793427,0,0.004908898963576387,0.20265423118863019,0
1789,2.2525464031544065,0,0.010071225,29.684094710880235,363.6779714121318,0,0,0,2.25e-6,0,0,1.28e-4,0.680642220371326,7.465117796946404,62.700851751014746,5.964874852852698,16.641813631922837,0,1265.5494656765688,0,0.004910411311650537,0.20691069545687535,0
1790,2.2620951519023555,0,0.010071225,29.78542330733916,365.1167697894533,0,0,0,2.28e-6,0,0,1.32e-4,0.6837960291686391,7.4810485406272065,62.919189803581624,6.004840140952429,16.700286283453103,0,1270.2260122593354,0,0.004913151868369992,0.21125656071102925,0
1791,2.219607428767269,0,0.010071225,29.48664848015776,356.87063106691045,0,0,0,2.32e-6,0,0,1.36e-4,0.6695242618696206,7.3561479049809435,61.29261307197358,5.867556227018833,16.26186662007172,0,1249.6061760929292,0,0.005486565791435885,0.21569370469181234,0
1792,2.2108611978209303,0,0.010071225,29.378753201702366,354.46156215773925,0,0,0,2.36e-6,0,0,1.4e-4,0.6659552360765625,7.29688254989833,60.78117262973041,5.873488143051138,16.095621043303414,0,1245.6154113472028,0,0.005600657363093736,0.22022404457922165,0
1793,2.2039028589703147,0,0.010071225,29.439051064123063,353.57860103304336,0,0,0,2.39e-6,0,0,1.44e-4,0.6633301528944809,7.314492615359998,60.66268149812846,5.790429706093577,16.129479664284993,0,1242.3620209365151,0,0.0056074954098964324,0.2248495378208968,0
1794,2.2664057584376334,0,0.010071225,30.020533198345788,365.9459207679801,0,0,0,2.43e-6,0,0,1.48e-4,0.6861647317643419,7.526854319096845,63.122199071772116,5.949853435727754,16.82099205279502,0,1289.035698058315,0,0.005598735645095835,0.22957218297788468,0
1795,2.256858063256866,0,0.010071225,29.868026282355547,362.40894837324583,0,0,0,2.46e-6,0,0,1.52e-4,0.6789720681152439,7.419944760363893,62.32794387187063,5.976072697284059,16.54123260668409,0,1272.5470991894822,0,0.005602373224439041,0.23439402058816808,0
1796,2.2092432403610296,0,0.010071225,29.67966732808782,354.67877740930805,0,0,0,2.5e-6,0,0,1.56e-4,0.6640404101886258,7.3741828862644,60.95008350921449,5.715483551589763,16.289517534933942,0,1251.5264234325552,0,0.005869445445649779,0.2393171340483317,0
1797,2.2711689208046724,0,0.010071225,30.012096968294912,363.7554717742235,0,0,0,2.54e-6,0,0,1.6e-4,0.6798652970953669,7.427318947651768,62.562502865061894,6.009084673196511,16.60290018736235,0,1287.298232724398,0,0.006162050089264258,0.24434365051374615,0
1798,2.2932748064803072,0,0.010070485,30.16738781024954,367.8571249539258,0,0,0,2.57e-6,0,0,1.64e-4,0.6901135683354106,7.460702958085955,63.29265283998345,6.123587336025234,16.79378965811311,0,1309.347884036838,0,0.006418281327107338,0.2494757418176591,0
1799,2.2677517505733333,0,0.010071964,30.16493175898822,363.6783666982743,0,0,0,2.61e-6,0,0,1.68e-4,0.6794610668644202,7.462768298853951,62.593042176612165,5.919331388999814,16.7065501724233,0,1296.8989609811188,0,0.006760691078591659,0.25471562540959075,0
1800,2.2779262725678993,0,0.010071225,30.349979163138343,366.0301599056837,0,0,0,2.64e-6,0,0,1.72e-4,0.6832516731988492,7.527670222154342,63.102835279743545,5.8952860367834,16.913995930371957,0,1315.205426851045,0,0.0071952969384202975,0.26006556531343844,0
1801,2.283600043287838,0,0.010071225,30.31047813713588,365.09981138188726,0,0,0,2.68e-6,0,0,1.76e-4,0.6829489850161828,7.486619119045107,62.77140928014925,5.9786033679686135,16.73999544860153,0,1310.8158014795504,0,0.007201288313071259,0.2655278731057059,0
1802,2.2696497844914822,0,0.010071225,30.442262171102918,363.1344045196416,0,0,0,2.72e-6,0,0,1.8e-4,0.678884628322743,7.547033400085704,62.43679529453351,5.812289451070607,16.757532423349552,0,1321.7293824250587,0,0.009265999970936115,0.2711049089142777,0
1803,2.2490077275902247,0,0.010071225,30.300627186992074,358.8038029985494,0,0,0,2.75e-6,0,0,1.84e-4,0.6732249333595312,7.503201415688408,61.52189333494244,5.750197287465778,16.516760118323724,0,1305.0010405155485,0,0.00814048368532494,0.2767990824381721,0
1804,2.2689405602975072,0,0.010071225,30.343854410938302,359.6991863683039,0,0,0,2.79e-6,0,0,1.88e-4,0.6756178443321,7.467799329329638,61.48820585270554,5.8990076555208075,16.36654001157197,0,1309.8238602566084,0,0.008813577447832796,0.2826128539887126,0
1805,2.2888824209918104,0,0.010071225,30.703042509861092,364.45817081741507,0,0,0,2.82e-6,0,0,1.92e-4,0.6840803823256408,7.614515609975804,62.45125332265924,5.8561837071184675,16.789527730582897,0,1332.128882531642,0,0.008620097042890858,0.2885487355525673,0
1806,2.298957257591134,0,0.010071225,30.772206531692177,364.48667737075647,0,0,0,2.86e-6,0,0,1.96e-4,0.6841734359101347,7.621311852714335,62.36168407387601,5.907325198583857,16.651321679560507,0,1335.8717709515672,0,0.009063273914720832,0.2946092918771161,0
1807,2.318218085958246,0,0.010071225,30.974979484605175,367.36485711198566,0,0,0,2.9e-6,0,0,2e-4,0.6896964015646664,7.682481441849717,62.849431580692936,5.950642848305186,16.821214326986212,0,1352.3192568225836,0,0.009401468773506129,0.3007971415786145,0
1808,2.3928345087795075,0,0.010071225,31.566425759553777,380.1976938427165,0,0,0,2.93e-6,0,0,2.04e-4,0.713328356643127,7.870269703217123,65.23704800663162,6.20391102570977,17.441859830201174,0,1391.5343602819028,0,0.009097221328128534,0.3071149582736329,0
1809,2.350549847359592,0,0.010071225,31.37550360622185,372.99795803098345,0,0,0,2.97e-6,0,0,2.08e-4,0.7022077255220374,7.836062501913367,63.86911644579,6.003531095368298,17.1544923784223,0,1368.9997057617597,0,0.009103072178215111,0.3135654717342601,0
1810,2.3653540106696145,0,0.010071225,31.548175241968334,374.88081779895447,0,0,0,3e-6,0,0,2.12e-4,0.7064097975714431,7.878817657610541,64.13963074383634,6.0357718389113675,17.244975821102898,0,1377.2240910676683,0,0.00968428336302061,0.32015146906757014,0
1811,2.3412959238983664,0,0.010071225,31.388452951263357,369.4115274780205,0,0,0,3.04e-6,0,0,2.17e-4,0.6976191292952991,7.795864564640128,63.00037419918779,5.969385866277193,16.914947903013854,0,1366.8710256663949,0,0.010261357417546814,0.32687579591986216,0
1812,2.3200885995476814,0,0.010071225,31.254297437458455,364.710606766895,0,0,0,3.07e-6,0,0,2.21e-4,0.6902679630845114,7.7312895166477675,62.032823829056184,5.903211410649886,16.662317722412784,0,1357.8527596624392,0,0.010620308233781269,0.3337413577061938,0
1813,2.327252621509912,0,0.010071225,31.453611794472742,366.04170816239184,0,0,0,3.11e-6,0,0,2.25e-4,0.6916700628576777,7.796516443236321,62.31764992236008,5.853955994699824,16.805626899629896,0,1363.4102502695628,0,0.010678409357271249,0.3407511208657391,0
1814,2.390190855372231,0,0.010071225,32.064872965033246,378.1269848912939,0,0,0,3.14e-6,0,0,2.29e-4,0.7146892547869337,8.01651948515724,64.6829477655544,6.0113928514639765,17.468995121181614,0,1411.955854521989,0,0.01092264862980579,0.34790811414351325,0
1815,2.3889829659206576,0,0.010071225,32.0008154040829,375.7137221562319,0,0,0,3.18e-6,0,0,2.33e-4,0.7100106379603757,7.937211760085456,64.06739381127984,6.058512510264384,17.243092568251292,0,1405.0254522247803,0,0.011255291989742282,0.35521542989901816,0
1816,2.365972219666553,0,0.010071225,32.004960656004904,371.76015189264075,0,0,0,3.22e-6,0,0,2.37e-4,0.702354534955043,7.9438348953644455,63.34589099383705,5.883781607629664,17.15675641342051,0,1409.6266985768038,0,0.012189114835698272,0.3626762254423749,0
1817,2.4041298119504537,0,0.010071225,32.23595089042814,376.56842441254054,0,0,0,3.25e-6,0,0,2.41e-4,0.7105564904108327,7.973716964203057,64.14674979755202,6.059027549946037,17.285369716316662,0,1429.76987551504,0,0.012574605455476316,0.37029372439851854,0
1818,2.446704493861312,0,0.010071225,32.546646351950514,384.04624481313795,0,0,0,3.29e-6,0,0,2.45e-4,0.727829530417177,8.057105376655612,65.48040208962345,6.255328139005535,17.62535787903598,0,1461.365523628004,0,0.012636648904617014,0.37807121810004723,0
1819,2.4184161890761575,0,0.010071225,32.522861626135416,378.44675849425465,0,0,0,3.32e-6,0,0,2.49e-4,0.7146244469165399,8.050419772430145,64.4745736307385,6.031273537290467,17.447476048183933,0,1437.892927431669,0,0.012734211008916111,0.386012067009325,0
1820,2.4384833689243917,0,0.010071225,32.827762890441335,382.53699995552114,0,0,0,3.36e-6,0,0,2.53e-4,0.7222264753437184,8.16104258545194,65.30048701425955,6.023161880916686,17.753155581987265,0,1457.119726035927,0,0.012925587748562868,0.3941197021704547,0
1821,2.4543522955790604,0,0.010071225,32.89966930825266,383.0060692791807,0,0,0,3.4e-6,0,0,2.57e-4,0.7244225162449941,8.1380971178574,65.21999133329324,6.131855687721132,17.65713491930336,0,1462.8156226334333,0,0.013137939542886687,0.40239762669174683,0
1822,2.427436226273029,0,0.010071225,32.99992464132955,378.7611713652913,0,0,0,3.43e-6,0,0,2.61e-4,0.7160677519178476,8.186573830051923,64.46791317781359,5.88747161491655,17.601974236771042,0,1456.251710509251,0,0.013671217060336475,0.41084941725932594,0
1823,2.4112521970128826,0,0.010071225,32.908699866133425,374.4386961027825,0,0,0,3.47e-6,0,0,2.65e-4,0.7115884538531232,8.130730609796393,63.50933340560838,5.8478476467554925,17.34637831472443,0,1455.7049266914937,0,0.01448057742005836,0.4194787256825284,0
1824,2.4440573890559647,0,0.010071225,33.08523310745163,377.0841309867929,0,0,0,3.5e-6,0,0,2.69e-4,0.7163931195458155,8.128138534485673,63.82302813158072,6.017759636772073,17.293733949047617,0,1470.6383496361648,0,0.015075373631283572,0.4282892804717583,0
1825,2.459202667176943,0,0.010071225,33.43204875757756,380.34225305318614,0,0,0,3.54e-6,0,0,2.73e-4,0.722847019140166,8.245528423628366,64.4540101306739,5.958285969446186,17.6392444042395,0,1493.4072176254099,0,0.015580597696788535,0.43728488844948477,0
1826,2.461465311681161,0,0.010071225,33.51712807798539,378.8388542957869,0,0,0,3.57e-6,0,0,2.77e-4,0.7197048541459276,8.249748753139295,64.09246284555482,5.94638605398201,17.459535455530347,0,1487.8857996470222,0,0.015762056914969885,0.4464694363950754,0
1827,2.4902605604774295,0,0.010071225,33.80387063274438,382.48684588846805,0,0,0,3.61e-6,0,0,2.81e-4,0.7267782709729571,8.30886041481679,64.6767866492283,6.023559324651926,17.646420037115636,0,1520.2135871625555,0,0.016914431669689308,0.4558468927241778,0
1828,2.56891648213077,0,0.010071225,34.502722632544106,396.00333158303835,0,0,0,3.64e-6,0,0,2.85e-4,0.7515264565916424,8.521623198157474,67.20480253950237,6.25884954960589,18.336738049085607,0,1571.5905477752979,0,0.017102954215554186,0.4654213092033729,0
1829,2.5311870151090816,0,0.010071225,34.36493479964878,389.1945839002208,0,0,0,3.68e-6,0,0,2.89e-4,0.7414675128002807,8.48408922511198,65.8801677941908,6.0813424683228625,18.0582690338984,0,1553.4665780535945,0,0.017130872126479183,0.47519682270084374,0
1830,2.557929831409153,0,0.010071225,34.6923553056517,392.02383879039616,0,0,0,3.72e-6,0,0,2.93e-4,0.7472662671487456,8.532404208847693,66.25924859051206,6.1339546695613025,18.18504451160151,0,1654.701373092328,0,0.022657332959686614,0.48517765697381326,0
1831,2.5209184272563556,0,0.010071225,34.505616210278745,384.09981840496397,0,0,0,3.75e-6,0,0,2.97e-4,0.7342375018813904,8.440935736642487,64.66143374559432,5.994748640589206,17.75822561683674,0,1612.5243661828931,0,0.02162521709560151,0.49536812449352524,0
1832,2.519068718937811,0,0.010071225,34.553212702439296,382.2629496367842,0,0,0,3.79e-6,0,0,3.01e-4,0.7322896599189428,8.41779421750808,64.20418212571083,5.9933887308141,17.631430519996496,0,1613.818623311885,0,0.021951816814021318,0.5057726283085564,0
1833,2.5278260300552446,0,0.010070485,34.83030363975853,383.3641256022993,0,0,0,3.82e-6,0,0,3.05e-4,0.7335784944791081,8.492332639098098,64.41112104087227,5.929121249301503,17.768356866999483,0,1626.2071664930477,0,0.022446119273658225,0.5163956639472644,0
1834,2.5884012881218013,0,0.010071964,35.468562212947226,394.05952539437027,0,0,0,3.86e-6,0,0,3.09e-4,0.7546767041901974,8.699086501015554,66.45934159951835,6.056905369565725,18.369548844317237,0,1671.0120283331405,0,0.02298360785638799,0.5272418213601948,0
1835,2.5860548915940464,0,0.010071225,35.43759364626129,390.4339165499377,0,0,0,3.9e-6,0,0,3.13e-4,0.747942265497519,8.619012067867724,65.59577180910993,6.07021422487064,18.095001721352748,0,1667.500251535307,0,0.023485333005414253,0.5383157869032842,0
1836,2.5894824704414106,0,0.010071225,35.71459030147116,389.80642349132796,0,0,0,3.93e-6,0,0,3.17e-4,0.7456537232424866,8.682446080757877,65.45275971166303,5.94260384764514,18.169674135906245,0,1730.9700627497882,0,0.02732994664381324,0.5496223453627191,0
1837,2.6305853537914867,0,0.010071225,35.99369465400168,394.59482845390175,0,0,0,3.97e-6,0,0,3.21e-4,0.7551642104283588,8.712455801779683,66.20331505409986,6.130165893087433,18.29883659628797,0,1745.3025415329557,0,0.0273904232787842,0.5611663820223236,0
1838,2.673073028691265,0,0.010071225,36.37966906615336,401.1436504131553,0,0,0,4e-6,0,0,3.25e-4,0.7699187560509518,8.803959336680272,67.33982549144892,6.285215030835136,18.597702287850264,0,1787.2793544544302,0,0.02837175929515746,0.5729528847743689,0
1839,2.6532045277522727,0,0.010071225,36.483260441743205,396.738481797498,0,0,0,4.04e-6,0,0,3.29e-4,0.7595075487724309,8.81693258006738,66.51155015887653,6.0891697668794835,18.4711662770426,0,1790.5702572822,0,0.029444981400383853,0.5849869462747187,0
1840,2.648887359065678,0,0.010071225,36.706131076492404,395.66086193368506,0,0,0,4.07e-6,0,0,3.33e-4,0.7576699503398269,8.884594783160786,66.3305023260679,5.945635097264745,18.5498050419863,0,1816.1379210749153,0,0.03111235022926862,0.5972737661432391,0
1841,2.7024763347632934,0,0.010071225,37.05877473346326,402.1646701808321,0,0,0,4.11e-6,0,0,3.37e-4,0.7713511402146884,8.919139776251551,67.3604884454285,6.198129348879143,18.733144019957933,0,1856.1489722128586,0,0.032232385145718134,0.6098186532104258,0
1842,2.666918823779949,0,0.010070485,37.16009953351674,396.77897498238156,0,0,0,4.14e-6,0,0,3.41e-4,0.7610520336495336,8.92740974522596,66.33927259193246,5.95974668003943,18.588829071549085,0,1868.5671383081246,0,0.0340031142041615,0.6226270278112181,0
1843,2.6349588085798663,0,0.010071964,37.040996496768635,389.49169930336507,0,0,0,4.18e-6,0,0,3.45e-4,0.750567892428796,8.84811174886267,64.84663976336549,5.821297871054848,18.227431521691297,0,1871.391931753796,0,0.03513892036713008,0.6357044241269918,0
1844,2.67368412178365,0,0.010071225,37.29104422850683,392.4167733003891,0,0,0,4.22e-6,0,0,3.49e-4,0.7560684957251417,8.837487017586156,65.19036054579303,6.002209993291023,18.200401452104803,0,1923.4732109182107,0,0.037422405404746895,0.649056492576741,0
1845,2.7070579721433776,0,0.010071225,37.79881480742166,397.49854649637746,0,0,0,4.25e-6,0,0,3.53e-4,0.7655000215380702,8.962990058706394,66.11881876517891,5.9864082178756375,18.63055394644414,0,2008.157954330875,0,0.0408189488281865,0.6626890022584851,0
1846,2.713078243151841,0,0.010071225,37.90304985372124,395.54786178634646,0,0,0,4.29e-6,0,0,3.57e-4,0.7620331534088072,8.95397844076816,65.6810855154469,5.974563785426034,18.441338528088004,0,2000.8880081772243,0,0.041720241507136824,0.6766078434419528,0
1847,2.7700890152288045,0,0.010071225,38.416769940640286,402.60667526561855,0,0,0,4.32e-6,0,0,3.61e-4,0.7748083393176582,9.049920799128804,66.89044947060056,6.113154475178863,18.816757489717848,0,2096.4952298452667,0,0.04553942268759795,0.6908190301136212,0
1848,2.8319262588980827,1.49e-5,0.010070485,39.05317689742062,413.20337117525264,0,0,0,4.36e-6,0,0,3.65e-4,0.7942930040932967,9.217810071941713,68.85642991720466,6.29156844346468,19.369097588678073,0,2168.9239266028862,0,0.04629035833702631,0.7053287025752114,0
1849,2.8134000405457176,1.2e-4,0.010071964,39.07777330857648,408.5988188388731,0,0,0,4.39e-6,0,0,3.69e-4,0.7878578927207921,9.184209847137627,67.89211646792141,6.18662214412755,19.15518395673158,0,2202.6903983850198,0,0.048734969510792946,0.7201431300967599,0
1850,2.838033934799616,2.25e-4,0.010071225,39.435125876852425,411.1602403976618,0,0,0,4.44e-6,0,0,3.74e-4,0.7933427370614893,9.241408500827564,68.25794430954862,6.201041174709285,19.318774991815957,0,2216.9540765660913,0,0.052169913401716374,0.720145,0
1851,2.799313762034144,2.41e-4,0.010071225,39.290128980123356,401.91770290633815,0,0,0,4.48e-6,0,0,3.78e-4,0.7785462101996025,9.112910901163152,66.41781578495687,6.066457178133968,18.821360192448314,0,2195.0237989564494,0,0.05273414768803463,0.7695725,0
1852,2.7864319953760366,2.42e-4,0.010071225,39.36808337225531,397.1145408841772,0,0,0,4.51e-6,0,0,3.83e-4,0.7707532171006433,9.056074128633261,65.42408742276037,5.984610091125251,18.58304327319452,0,2213.206267995653,0,0.05523334551720202,0.779885,0
1853,2.813157209643259,2.43e-4,0.010071225,39.8043912505559,399.897105209075,0,0,0,4.55e-6,0,0,3.87e-4,0.7758481158850165,9.121741942418184,65.91125420000475,5.997929904580213,18.77535201079747,0,2258.287924467514,0,0.05806751723564468,0.7930125,0
1854,2.900816506034192,2.44e-4,0.010071225,40.76912435685664,412.7830968992406,0,0,0,4.58e-6,0,0,3.9e-4,0.7993868605414124,9.33459721774259,68.26960863943596,6.170820123246858,19.46876674769333,0,2453.971567735053,0,0.06770657204695639,0.795535,0
1855,2.8903983063699896,2.45e-4,0.010070485,40.78105785677941,407.42925139528205,0,0,0,4.62e-6,0,0,3.95e-4,0.789686525460187,9.230695814889097,67.11703332908704,6.1462171435336765,19.13132136707887,0,2451.739257764196,0,0.06880156390876674,0.7856225,0
1856,2.8781724188338145,2.47e-4,0.010071964,41.08091664614707,404.12531012133917,0,0,0,4.65e-6,0,0,3.98e-4,0.7822123689107612,9.267888531555519,66.51130207099433,5.94198649406939,19.108041172532225,0,2525.261072420269,0,0.07334370515194283,0.810285,0
1857,2.9495084409559813,2.49e-4,0.010071225,41.62949197484309,414.0121820285638,0,0,0,4.69e-6,0,0,4.03e-4,0.8021546595880381,9.333613012120434,68.19987111392862,6.274742460668341,19.461056685971087,0,2582.575197104124,0,0.07420097900014422,0.8054275,0
1858,2.9815187235767886,2.51e-4,0.010071225,42.01331791192844,418.43131020185626,0,0,0,4.73e-6,0,0,4.07e-4,0.8130520519990329,9.386140474852146,68.94537027664335,6.398628935580366,19.66429212585006,0,2629.7020235139084,0,0.07575814753996002,0.8119075,0
1859,2.977963272005961,2.53e-4,0.010071225,42.36274340452476,415.72387627499444,0,0,0,4.76e-6,0,0,4.1e-4,0.804586948652383,9.424200344231947,68.43539399691959,6.20901621520996,19.65087672714388,0,2724.6037553673345,0,0.08022976425197387,0.8293325,0
1860,2.986711734714679,2.55e-4,0.010810676,42.77799740401702,415.4857332123101,0,0,0,4.79e-6,0,0,4.14e-4,0.8041239423061426,9.473591669679028,68.33460523326413,6.111250447820505,19.736711012685287,0,2858.032640385937,0,0.08777552916999896,0.758965,0
1861,3.012361658237977,2.57e-4,0.010810691,43.09975954291713,416.67624684758295,0,0,0,4.83e-6,0,0,4.19e-4,0.8090413575815187,9.451789265620443,68.37982172049965,6.2609692036960105,19.649293869933082,0,2929.7996932291176,0,0.09243346518638645,0.7552825,0
1862,2.9952900085850103,2.6e-4,0.010071254,43.391046428343415,413.5667850332465,0,0,0,4.87e-6,0,0,4.23e-4,0.8045741258208656,9.503044717711976,67.85296091798152,6.078480472327411,19.634736193222395,0,2941.530908058017,0,0.09449369470261018,0.74794,0
1863,2.971092440671397,2.62e-4,0.010071254,43.46263515577321,406.7238260263042,0,0,0,4.9099999999999996e-06,0,0,4.27e-4,0.7962664194148579,9.42899980700122,66.40931733841468,5.963862379181264,19.28297617142292,0,3051.4659641832022,0,0.10073986560676425,0.7388425,0
1864,3.0145973896116938,2.65e-4,0.010071254,43.92868901425032,409.8628108791764,0,0,0,4.94e-6,0,0,4.31e-4,0.802777813271186,9.436608727685396,66.80043048838434,6.134475912586253,19.29155634057775,0,3200.323820226292,0,0.10835931727207021,0.71471,0
1865,3.07253162209082,2.68e-4,0.010810706,44.744114850134224,419.06708480620307,0,0,0,4.98e-6,0,0,4.35e-4,0.8209883833434437,9.612496153986616,68.51645081140921,6.236889111797925,19.872113866807993,0,3349.594670410902,0,0.1151157653145353,0.70181,0
1866,3.068226592871024,2.71e-4,0.01081072,44.97418712076735,415.694640767929,0,0,0,5.01e-6,0,0,4.39e-4,0.8159335763572926,9.591771965509798,67.79242513071813,6.195875504989665,19.634647832883065,0,3405.1487604187664,0,0.11880893886989041,0.711825,0
1867,3.1230098940660684,2.74e-4,0.010070544,45.634930632409336,422.84990092732465,0,0,0,5.05e-6,0,0,4.43e-4,0.8305580801434489,9.707051553261053,69.06519046292514,6.338010690526754,19.985999725794315,0,3602.90963667447,0,0.1271719821140272,0.70148,0
1868,3.192105492723478,2.77e-4,0.010072023,46.38221758196796,433.40853116093876,0,0,0,5.08e-6,0,0,4.47e-4,0.8516244281262749,9.877936907597965,71.03868975021078,6.538642532085129,20.5232009647166,0,3723.9925839427096,0,0.1307896692360789,0.6928675,0
1869,3.157895695269002,2.81e-4,0.010810735,46.42626827011257,424.7919374088275,0,0,0,5.12e-6,0,0,4.51e-4,0.8386972069603622,9.807947457268739,69.31799179558554,6.350514537822137,20.122541671342727,0,3861.473339143383,0,0.13874241447668167,0.7054825,0
1870,3.2079971900593587,2.84e-4,0.01081075,47.014918800702105,431.5162760361924,0,0,0,5.15e-6,0,0,4.55e-4,0.8534889991310158,9.922711842004547,70.5094940614347,6.466849098134696,20.50234748509142,0,3965.7718609856556,0,0.14206736643160425,0.773785,0
1871,3.177830250520806,2.88e-4,0.010071314,47.109921127807695,423.46500130320635,0,0,0,5.19e-6,0,0,4.59e-4,0.8425640053090118,9.840857150271175,68.82761410483103,6.3790908099305605,20.00409150351424,0,4152.628094822327,0,0.1517018231570205,0.7790725,0
1872,3.167329069223736,2.92e-4,0.010810765,47.39265679782861,416.7138441991901,0,0,0,5.23e-6,0,0,4.63e-4,0.8319037375572464,9.805323869784536,67.3230496260217,6.229518625223441,19.64954180912026,0,4439.578282587764,0,0.1682789780555188,0.8331075,0
1873,3.241761177472083,2.96e-4,0.01081078,48.370041002469456,428.34312379071787,0,0,0,5.26e-6,0,0,4.67e-4,0.8549476257061819,10.028780792741337,69.48012363656166,6.4267660657,20.229711135776558,0,4701.4137566559,0,0.17908070207296856,0.8133775,0
1874,3.268773221660745,3e-4,0.010810794,48.86496970712207,435.1254238484307,0,0,0,5.3e-6,0,0,4.71e-4,0.8727852300007477,10.205191074662954,70.86821318499709,6.538490766008003,20.609433839531768,0,4648.791817346095,0,0.17425975554677617,0.86736,0
1875,3.235317480950297,3.05e-4,0.010810809,49.00066978411083,426.10153932170755,0,0,0,5.33e-6,0,0,4.75e-4,0.8582256430510401,10.105140343619588,68.99862310575867,6.426143160962113,20.051796354865992,0,4845.1659429637375,0,0.18347784018191074,0.8904,0
1876,3.2450285643688983,3.09e-4,0.010810824,49.546424604712854,428.6471446793414,0,0,0,5.37e-6,0,0,4.79e-4,0.8647193649664233,10.262241747404373,69.59773985991637,6.369766699907832,20.301035895698917,0,4954.270075167705,0,0.1872594026676653,0.8961225,0
1877,3.2851689073944588,3.14e-4,0.010810839,50.00706913783809,433.2583884153753,0,0,0,5.41e-6,0,0,4.83e-4,0.877525590551212,10.316044405603558,70.30105634521756,6.580768219327892,20.3916936703889,0,5094.483231117499,0,0.19158702170385014,0.8683025,0
1878,3.3099965442656467,3.19e-4,0.010810853,50.45506939103807,437.2597349409497,0,0,0,5.44e-6,0,0,4.87e-4,0.8904911471760677,10.407027763778006,71.01483804346174,6.718046485011904,20.53409048430048,0,5158.082026579785,0,0.1941394285837597,0.894355,0
1879,3.34085243826198,3.23e-4,0.010810868,51.166545985154926,440.31023020438425,0,0,0,5.47e-6,0,0,4.91e-4,0.8941504009721907,10.578185814091917,71.61411725779148,6.622558324614696,20.803538258005656,0,5452.891391723472,0,0.20846534418304444,0.89251,0
1880,3.338098125419658,3.29e-4,0.010810144,51.635966518793815,436.57499068742146,0,0,0,5.51e-6,0,0,4.95e-4,0.8896235233017945,10.596047036776207,70.72613097416718,6.510941389028288,20.651038666919945,0,5931.029800342122,0,0.23593667062375606,0.922575,0
1881,3.3785594661802816,3.34e-4,0.011551088,52.25462258312562,440.24574934597655,0,0,0,5.55e-6,0,0,4.99e-4,0.9014628709366777,10.647821350714871,71.24559102311065,6.723111965430855,20.648299326280256,0,6143.6971610930095,0,0.24171896952183386,0.9216925,0
1882,3.36215039579621,3.39e-4,0.011550379,52.71465121565074,435.40188970441454,0,0,0,5.59e-6,0,0,5.04e-4,0.8949342268567885,10.703352007033295,70.27290971208227,6.52426963021564,20.48217909096883,0,6405.590460040449,0,0.2552575577039436,0.9706975,0
1883,3.3364160600698543,3.45e-4,0.010810957,52.95499712831219,427.56218415016514,0,0,0,5.62e-6,0,0,5.08e-4,0.8866992679083379,10.648447503090507,68.57237226037859,6.410001555471299,20.034847116866867,0,6714.470275497437,0,0.2710968531114315,0.9494825,0
1884,3.395042862774245,3.5e-4,0.010810972,53.68121224317295,436.0444030169047,0,0,0,5.66e-6,0,0,5.12e-4,0.906528495764138,10.798705422143687,70.09837583770185,6.65680746585506,20.335430503185822,0,6834.4966785742645,0,0.2748522805075259,0.991335,0
1885,3.4009534920537603,3.56e-4,0.011550438,54.23162479740708,437.75349286415906,0,0,0,5.69e-6,0,0,5.16e-4,0.9145147467438957,10.926074002063656,70.45052652116671,6.631327711004262,20.529560395755027,0,6889.9343771024605,0,0.27800587289170664,0.99106,0
1886,3.409897715878096,3.62e-4,0.011550467,54.66972745960607,437.5172063500629,0,0,0,5.73e-6,0,0,5.2e-4,0.9181250868664053,10.986483365187768,70.36633059379285,6.68977294882391,20.386089936407895,0,6950.772604829824,0,0.2834595155537722,0.967615,0
1887,3.4528444859127645,3.68e-4,0.011550497,55.46260181782974,442.80473852112584,0,0,0,5.77e-6,0,0,5.24e-4,0.9318149782056818,11.123870578542096,71.28918427620829,6.806052385625258,20.643316741387515,0,7217.037926039686,0,0.2982206162472501,1.00749,0
1888,3.538923439127746,3.74e-4,0.011550526,56.586303413893596,452.3742382127078,0,0,0,5.8e-6,0,0,5.28e-4,0.9516888815109081,11.328165639940819,72.86872918843763,6.962673525227126,21.106730659617668,0,7872.988126397063,0,0.3292818168384153,0.9733675,0
1889,3.511590875832352,3.81e-4,0.011550556,56.8740566978019,448.4859191098517,0,0,0,5.84e-6,0,0,5.32e-4,0.9526662083019679,11.349557973445233,72.19390624051415,6.948311987562524,20.862380314308393,0,7882.487841735046,0,0.3294563078621845,1.0037375,0
1890,3.5725516779133217,3.87e-4,0.011550586,57.810215094101046,454.06613308568444,0,0,0,5.87e-6,0,0,5.36e-4,0.9716753731721348,11.484300775137871,72.97597085670095,7.046623292359876,21.093884960302997,0,8468.733965757516,0,0.357506876651395,1.0781475,0
1891,3.541331579540028,3.94e-4,0.011550615,57.942704441849024,444.8959882913582,0,0,0,5.91e-6,0,0,5.4e-4,0.960098264539972,11.409553719121766,71.03852872664821,6.933544604414959,20.517250527788125,0,8811.872689327369,0,0.3742154870077751,1.135545,0
1892,3.526000502035957,4.01e-4,0.011550645,58.10938042945834,440.56645164687194,0,0,0,5.95e-6,0,0,5.45e-4,0.9577018708131753,11.436711998247707,70.14248512340282,6.851380159650021,20.26692529659932,0,8956.05736555407,0,0.3781611500096833,1.119495,0
1893,3.5404285622161398,4.08e-4,0.012290126,58.54653430489306,444.3544834614958,0,0,0,5.99e-6,0,0,5.49e-4,0.9708110235690673,11.603993478272258,70.94927769358806,6.883196170924868,20.49666902932528,0,8901.510388241175,0,0.3756232474814589,1.170495,0
1894,3.6136221752038122,4.15e-4,0.01229017,59.66527786273304,457.53152589956153,0,0,0,6.02e-6,0,0,5.52e-4,1.0020787876676336,11.875276141287369,73.46643144249418,7.141535212315759,21.146353686604485,0,9247.03626129922,0,0.38895483333704767,1.1747175,0
1895,3.6328207775048447,4.22e-4,0.011550763,60.12826345938257,454.8301601546607,0,0,0,6.06e-6,0,0,5.57e-4,0.99986272389468,11.873556656480304,72.68443957177617,7.165624861744126,20.842375907292684,0,9732.26716389861,0,0.41228736420561585,1.17617,0
1896,3.5791871647167874,4.3e-4,0.012290244,60.37599128163106,444.9899779735763,0,0,0,6.09e-6,0,0,5.61e-4,0.9869230495525757,11.908693951867566,70.98808946655822,6.873040217558761,20.486787111632314,0,10028.497831310418,0,0.4253884825452097,1.1584675,0
1897,3.6715472752611094,4.37e-4,0.012290288,61.342652626480906,457.0981718746715,0,0,0,6.13e-6,0,0,5.65e-4,1.017066624536947,12.06544076082608,73.1126050137761,7.304447275283035,20.88596365923293,0,10516.356247906411,0,0.44474329059245565,1.2020625,0
1898,3.6975833294580824,4.45e-4,0.012290333,61.90456084085801,457.25180133102793,0,0,0,6.17e-6,0,0,5.69e-4,1.0247079498686993,12.121331880654521,72.99836523987095,7.387366458417133,20.802891007600874,0,11079.881425429878,0,0.4683918072881617,1.18912,0
1899,3.759002003253393,4.86e-4,0.012290377,63.08867051641977,462.69442314043863,0,0,0,6.2e-6,0,0,5.73e-4,1.0344932329221768,12.356435750450435,73.94849391098762,7.333273677405889,21.170624051271936,0,12018.056151663523,0,0.5093713535024246,1.2138675,0
1900,3.7619446591348926,0.002392668,0.028558348,63.70311395274969,460.1538267240736,0,0,0,6.24e-6,0,0,5.77e-4,1.0369100280458328,12.413670119433142,73.41660276065203,7.3021981452201326,21.05142318286195,0,12585.672525102491,0,0.5365459763999189,1.22983,0
1901,3.783240602329229,0.004820097,0.047784449,64.07144672108595,458.7443105556606,0,0,0,6.28e-6,0,0,5.82e-4,1.0406105463320698,12.422468533612411,73.08051362330981,7.441332225107984,20.784245859606493,0,13065.203015136547,0,0.5559845470759119,1.2371075,0
1902,3.777290057774599,0.005778122,0.050743008,64.47469154898842,456.1617373529776,0,0,0,6.32e-6,0,0,5.86e-4,1.041494196233137,12.518192401407273,72.65577333870735,7.369812728701703,20.64105920138559,0,13428.042797818083,0,0.5712371338136014,1.2628875,0
1903,3.7979864855541736,0.006957613,0.05591998,65.05479780246709,451.7285220230039,0,0,0,6.36e-6,0,0,5.9e-4,1.0373604483517225,12.527440686172158,71.49479942632003,7.313095181958868,20.318945887410017,0,14486.457255933132,0,0.6209876944756244,1.2546225,0
1904,3.8630118337574073,0.009436339,0.068491568,65.99696460965836,464.419619074611,0,0,0,6.39e-6,0,0,5.94e-4,1.0686527943407604,12.806540365629926,74.14185492106772,7.618083186428363,20.932902122716886,0,14755.670423226366,0,0.629637692968486,1.27704,0
1905,3.9283385337626915,0.013412831,0.087718467,66.76019784835896,469.4950984148266,0,0,0,6.43e-6,0,0,5.99e-4,1.0802645437972795,12.914375963744083,74.86317785319112,7.815401153197832,21.024785526694462,0,15662.01940438729,0,0.6698808916453353,1.3173425,0
1906,3.96367156369503,0.018196454,0.11138246,67.4359469758486,468.42768593161776,0,0,0,6.47e-6,0,0,6.03e-4,1.086192201811249,13.004961249705936,74.59584942324047,7.850516439529477,20.898748120923294,0,16598.30957017507,0,0.7131878605227449,1.320225,0
1907,4.1084428301454095,0.016966195,0.10398923,69.22163458871894,483.0155964760978,0,0,0,6.51e-6,0,0,6.07e-4,1.1145559043121764,13.248618183632152,76.96199239833548,8.212333663395087,21.444314327941115,0,18261.45741274233,0,0.7923073659941028,1.2959975,0
1908,4.088142407157308,0.021404879,0.12765503,69.42306437451155,485.60477825211075,0,0,0,6.54e-6,0,0,6.11e-4,1.1327986564755193,13.425865685947954,77.95053728043827,8.328488049589795,21.62457185352154,0,17555.876254119517,0,0.7680763904605723,1.3206425,0
1909,4.11032135922412,0.036714367,0.21121463,69.89759355597441,482.86733224281494,0,0,0,6.58e-6,0,0,6.16e-4,1.136210178112865,13.468731201672691,77.41657846273947,8.362910324496939,21.39468054878068,0,18398.74280775261,0,0.7977682645059868,1.3499425,0
1910,4.195576520386216,0.042342327,0.24301505,70.96387003313173,493.4831767954657,0,0,0,6.62e-6,0,0,6.2e-4,1.1617299423026655,13.718368281002187,79.30381592183285,8.584314758283995,21.893169358519767,0,19245.492964923564,0,0.8373922382645383,1.2955475,0
1911,4.164511766006217,0.047217079,0.27037941,71.4048808620928,484.63804075388924,0,0,0,6.66e-6,0,0,6.24e-4,1.1540514273360076,13.66142833099662,77.52164680830131,8.529953720622403,21.31158109304433,0,19399.122843237874,0,0.8531334518421552,1.3173475,0
1912,4.171818381419203,0.055977137,0.31844894,72.0884696159162,480.67017958748914,0,0,0,6.7e-6,0,0,6.29e-4,1.1528391516044454,13.690009256294292,76.50004189052794,8.494024767508796,21.018706860200577,0,20055.52897227892,0,0.8951195908969569,1.278985,0
1913,4.262833281691976,0.05934571,0.33694139,73.83683282257084,490.7295494302685,0,0,0,6.74e-6,0,0,6.33e-4,1.1740160155568948,13.89139428663357,78.12107874157591,8.746933954167291,21.358176409124916,0,20897.342114151525,0,0.9661515442033383,1.2321375,0
1914,4.209193312039583,0.064801984000000007,0.36726542,73.96680415326787,497.5199022815426,0,0,0,6.77e-6,0,0,6.36e-4,1.2042784608673245,14.20462887821191,80.31297626377003,8.83852147093796,21.91138327976297,0,19161.16709399335,0,0.8791923697454813,1.2544775,0
1915,4.1768686978670635,0.084000629,0.47153519,74.09383619256748,488.57217551316336,0,0,0,6.81e-6,0,0,6.41e-4,1.1974075536702584,14.188604856578468,78.75489100848542,8.778627192627281,21.373187620479808,0,19078.526933705376,0,0.8661433513246344,1.2475825,0
1916,4.226879474654575,0.10465075,0.58467971,75.43488036195278,487.7925377766395,0,0,0,6.85e-6,0,0,6.46e-4,1.19953534285443,14.292973609645228,78.51271007587928,8.837170049149309,21.230917518825947,0,20732.944180918184,0,0.9296529861206292,1.23435,0
1917,4.332581819643469,0.11034348,0.61870744,76.85094636405663,499.19103097197876,0,0,0,6.89e-6,0,0,6.51e-4,1.2280258720798407,14.443776003388649,80.48820241641553,9.33161513288427,21.501747984882293,0,21614.86468132929,0,0.9622156112787814,1.24055,0
1918,4.334855573395433,0.10461425,0.58914082,77.11209019130034,502.9654425489221,0,0,0,6.93e-6,0,0,6.55e-4,1.246957982044565,14.641746464162125,81.4953230578606,9.460956270010684,21.678124106789223,0,21391.990106670924,0,0.9465146326269632,1.2414,0
1919,4.144402775934911,0.10155164,0.57214502,76.52093376083685,496.306687483541,0,0,0,6.96e-6,0,0,6.59e-4,1.2521935071958656,14.847342337961367,81.75970933658925,9.285252751533744,21.585202294737886,0,18290.66603779451,0,0.8262944721958778,1.2230525,0
1920,4.280922528896289,0.071874804,0.41169313,78.73375152986044,506.26932204717366,0,0,0,7.01e-6,0,0,6.64e-4,1.268294646495017,14.961505553778034,82.73073685896892,9.708311782127167,21.67432945558593,0,20286.09328191595,0,0.9470425055603905,1.25642,0
1921,4.1063615222059795,0.05599481,0.32444592,77.58108388896656,493.37827287816805,0,0,0,7.05e-6,0,0,6.68e-4,1.2661418250633059,14.920504834436544,81.03226052100645,9.610296106263242,21.1223393638643,0,17331.637988509272,0,0.833524787706648,1.320675,0
1922,4.105174368231393,0.10093674,0.56921203,79.00716280074634,490.16379762491067,0,0,0,7.09e-6,0,0,6.73e-4,1.2702831416445126,14.971032396776012,80.38170996085137,9.702915517450897,20.76511512668102,0,18135.52559498844,0,0.8814145951215728,1.310745,0
1923,4.439836404306408,0.13753371,0.77479139,82.0657080608611,524.0021078324984,0,0,0,7.13e-6,0,0,6.78e-4,1.3225592892349047,15.36613283195878,85.45925489211388,10.47529049950864,21.81135519912423,0,19934.59457325303,0,0.9870322709918006,1.3394475,0
1924,4.33011515147751,0.14595489,0.82730698,82.57126606400502,507.94538454227705,0,0,0,7.17e-6,0,0,6.82e-4,1.3134113256246323,15.300328607276018,82.56333302334072,10.190196466484576,21.18818976997423,0,19944.383069112322,0,0.9935670920928441,1.34315,0
1925,4.363149244812359,0.15281139,0.86947278,83.63698079381459,511.27100655996264,0,0,0,7.21e-6,0,0,6.87e-4,1.353428739314935,15.700733372543768,83.26584689611083,10.451398302349755,21.19938931337234,0,20115.189366293176,0,1.0110905880182341,1.34237,0
1926,4.320793539521135,0.16877181,0.96266008,83.88112461048026,508.4247383900652,0,0,0,7.25e-6,0,0,6.92e-4,1.3793524941843618,15.980173668594489,82.97884972174569,10.549280739955911,21.043334382922307,0,20647.42031540808,0,1.0108294448763138,1.3456075,0
1927,4.403017966486073,0.19366311,1.1076116,87.06786434048689,521.1775958950541,0,0,0,7.29e-6,0.004945027,0,6.96e-4,1.413731087746064,16.24816191799774,85.30299452896182,11.086982231628328,21.28759347114905,0,21849.531284523113,0,1.0967178382407214,1.35531,0
1928,4.346990432265774,0.2132805,1.2252077,88.35742796186504,520.4248385631935,0,0,0,7.32e-6,0.030139896,0,6.99e-4,1.4322562728763997,16.428406710758857,85.7372984759123,11.205921542591616,21.28727116896044,0,21960.4210255775,0,1.099935400082586,1.34825,0
1929,4.4077546496151525,0.20802541,1.2037865,90.83406610403159,530.7740746430795,0,0,0,7.35e-6,0.003329301,0,7.02e-4,1.4649909560120487,16.670595566141706,87.7177604027084,11.583663553864932,21.632237748005043,0,23457.91812173821,0,1.1816755268466181,1.3357275,0
1930,4.349934971985202,0.17035764,0.99750344,91.40509178149131,536.5992090289028,0,0,0,7.36e-6,-0.026051043,0,7.03e-4,1.4926858491653314,16.893953639828702,89.96640727313941,11.580822617661633,22.19451410735263,0,21711.087659117693,0,1.0880572138633005,1.3701575,0
1931,4.101155481832784,0.11326202,0.6766021,90.37992423038301,506.12634500135647,0,0,0,7.38e-6,-0.003829208,0,7.06e-4,1.4539289504131003,16.719588287285333,84.86380420102637,10.772288654689161,20.978583306838686,0,19179.634044118087,0,0.9811835125852509,1.4150775,0
1932,4.06865177228846,0.085847633,0.51911084,90.91984535813032,510.9037583801497,0,0,0,7.4e-6,7.43e-4,0,7.08e-4,1.4679994921751882,16.834998085835277,86.31704680212157,10.817643709170472,21.314854876834954,0,17032.949540058715,0,0.8883519507380302,1.4283325,0
1933,4.058315020065788,0.1016274,0.61081444,92.65423660577605,508.73131816859205,0,0,0,7.43e-6,8.08e-4,0,7.11e-4,1.4605194885008919,16.864010150243864,86.02236530361347,10.722291076699154,21.183886729262348,0,17989.831066308998,0,0.930604575957761,1.4457875,0
1934,4.21614767040952,0.15202423,0.91252255,95.7603042866411,527.6846249064383,0,0,0,7.47e-6,8.78e-4,0,7.15e-4,1.4962012551198314,17.03577060002046,89.43792035268146,11.362561783783148,21.875897760577896,0,19841.27297000239,0,1.008287197078062,1.4568175,0
1935,4.2397900742790755,0.22028466,1.3303298,97.74477142709635,528.4475728305017,0,0,0,7.5e-6,9.54e-4,0,7.19e-4,1.495900986424817,17.01764821800096,89.46272845739028,11.565897800182801,21.72675097155072,0,21376.046282450417,0,1.0586578363663415,1.4359075,0
1936,4.403333952832683,0.28820401,1.7570203,101.0537412789132,548.053812567676,0,0,0,7.55e-6,0.001037276,0,7.24e-4,1.5442244644493295,17.347993151209376,93.01030188585878,12.275383178658302,22.351826664602186,0,22924.798641537232,0,1.1580466556781555,1.4466625,0
1937,4.410033034067829,0.34372195,2.1186454,103.41441899168088,547.4949096737408,0,0,0,7.58e-6,0.001127477,0,7.28e-4,1.5594263660764693,17.429667548780596,92.82626572435035,12.529120575411943,22.030927172334525,0,24661.37928306767,0,1.2358781374575647,1.465145,0
1938,4.26073728677397,0.39883954,2.4891541,103.59571225937958,530.7183143267865,0,0,0,7.61e-6,0.001225424,0,7.31e-4,1.5712184528677735,17.408563900307914,90.35633308047127,12.04271454289722,21.397132282016987,0,22931.614161794314,0,1.1651187661804077,1.478735,0
1939,4.396295953463191,0.43390074,2.745053,106.30709597779958,548.9855349767312,0,0,0,7.64e-6,0.001332062,0,7.35e-4,1.6330733768488754,17.673330477378254,93.79431608141857,12.674109457619357,22.122188216892052,0,24490.37953973333,0,1.2284189456198968,1.4621075,0
1940,4.420356507943644,0.50172554,3.2190952,108.38410172161038,545.0056234124165,0,0,0,7.69e-6,0.001448183,0,7.41e-4,1.6566851089485253,17.622149030213702,92.8167919544194,12.99004887428921,21.65689592077384,0,26975.63589385653,0,1.3562961653196095,1.4897225,0
1941,4.464747478878804,0.64957282,4.2240743,111.25389672788016,548.4204693733951,0,0,0,7.73e-6,0.00157415,0,7.45e-4,1.6960395356818132,17.721547062321466,93.21535698555711,13.1967898905523,21.52902694786388,0,28018.362686054348,0,1.3914525717422364,1.56613,0
1942,4.55492811466537,0.84353078,5.585489,113.34276442922354,556.3724658444015,0,0,0,7.76e-6,0.001710955,0,7.48e-4,1.7423169631136979,17.889654592155463,94.65222345480672,13.296821667126345,22.09192330880523,0,28645.607211347353,0,1.3956040277433954,1.574575,0
1943,4.58258700273469,0.80476688,5.4576739,116.46529068161016,557.8753090705983,0,0,0,7.79e-6,0.001859737,0,7.52e-4,1.7782731330120334,17.90574076858968,94.90860660197879,13.619523556595434,21.882257302296612,0,29064.81890924657,0,1.4426521985448741,1.56136,0
1944,4.592887528707828,0.41764093,2.9606569,120.02916803842938,565.9002994578764,0,0,0,7.83e-6,0.002021507,0,7.56e-4,1.8327845194104029,18.13122569574111,96.80762170688077,13.96923097136518,22.033519094295787,0,28264.06370282109,0,1.4290338605964268,1.55524,0
1945,4.371095239811862,0.20111842,1.5076942,119.84993883622853,557.9917251301054,0,0,0,7.86e-6,0.002197258,0,7.6e-4,1.8563162623886833,18.194299589088516,95.93310078079644,13.728422575198508,21.614758328487074,0,24470.980808628887,0,1.2071539518139665,1.553575,0
1946,4.3473861746081335,0.27970458,2.0726649,122.80764770172081,549.8029618574326,0,0,0,7.89e-6,0.002388349,0,7.64e-4,1.8870548733134198,18.33459262072401,94.1522581437411,13.589690889293003,21.25110812600624,0,23882.44506751562,0,1.27417982891384,1.5413625,0
1947,4.382722902898976,0.34838359,2.6369074,128.16980533923706,555.9931282224414,0,0,0,7.94e-6,0.002596315,0,7.69e-4,1.9529217927840279,18.567741629007738,95.58831448093453,14.296138158522597,21.150642475891335,0.003372839,26350.40311429834,0,1.4123314294091345,1.5382975,0
1948,4.497010151728464,0.33316898,2.6243892,132.95770394506124,576.8723109406909,0,0,0,7.98e-6,0.003327672,0,7.73e-4,2.029020513785354,18.978031015263713,99.69117392381455,15.146080501138018,21.619882735751972,0.023611977,27390.83795151109,0,1.4932480802319783,1.5148175,0
1949,4.410082520059974,0.31424196,2.5926444,136.32884699065258,576.6586601754318,0,0,0,7.99e-6,0.02463759,0,7.75e-4,2.0872246033765953,19.507760762225093,100.7998987230672,14.740349240790598,22.029835084541705,0.063741035,26701.25144470057,0,1.467771387278168,1.494595,0
1950,4.592074580352981,0.32876887,2.8441101,141.5577905031741,602.8023858339644,0,0,0,8.05e-6,0.10531435,0,7.81e-4,2.205950863219314,20.170430648253358,105.95511365758463,16.0706389505605,23.03761388619531,0.16053368,28559.71123044732,0,1.59396413265452,1.694065,0
1951,4.421961464663723,0.33222262,3.0430784,144.08483389125547,574.7226982240703,0,0,0,8.09e-6,0.2343219,0,7.85e-4,2.2365333207984572,20.27761110090626,100.93268703262684,15.906797826925477,21.249754959043624,0.23983988,30253.435322896414,0,1.714028455973125,1.79034,0
1952,4.459374211369863,0.32854487,3.2228257,147.58876551204233,588.0940054718312,0,0,0,8.1e-6,0.3628351,0,7.87e-4,2.3312466687486917,20.961559963400397,104.14367695398983,16.273310067991602,21.751412431773996,0.24565292,30920.4058079085,0,1.7517909140280628,1.768035,0
1953,4.521805113642386,0.31999622,3.3863087,150.63328296207996,604.7612597183536,0,0,0,8.12e-6,0.48047903,0,7.9e-4,2.4383306661727966,21.65538629356265,107.80150389031365,16.8819661713088,22.29645682695693,0.24572915,31647.200718487256,0,1.7964988876136243,1.79833,0
1954,4.568249109010276,0.29457384,3.4048632,153.63580293177196,609.7666791938213,0,0,0,8.14e-6,0.59576061,0,7.91e-4,2.520114423830965,22.098047440678908,109.160101519175,17.22147833407924,22.28329507300864,0.24580572,32459.391514224637,0,1.8443177376820552,1.9051475,0
1955,4.642461079994132,0.26311875,3.3346824,158.90690158949405,619.3579062592131,0,0,0,8.18e-6,0.70910415,0,7.96e-4,2.606549917022631,22.39056768689188,111.39977448375716,18.224201231713828,22.162670617472173,0.24588273,35226.09422875536,0,2.012264941096231,1.9441125,0
1956,4.860342393705422,0.22075982,3.0796375,165.88725380349385,650.0677478492333,0,0,0,8.21e-6,0.82044371,0,8e-4,2.7145436871425064,23.007095750172333,118.10473865993868,19.224348388120777,23.116304054478427,0.24595899,37695.237649754876,0,2.142842033858345,1.9703875,0
1957,5.027697518480996,0.18587639,2.8571248,172.20745483666946,670.0880025705014,0,0,0,8.25e-6,0.92977447,0,8.03e-4,2.8266028159025,23.727298719661757,122.77469267747901,19.98393692424987,24.01955782878015,0.24603635,38738.9202427654,0,2.2170460253205224,1.99879,0
1958,4.986883986019052,0.17928487,2.9954591,174.38323818376372,635.1601596343622,0,0,0,8.29e-6,1.0371306,0,8.08e-4,2.852310820651083,23.884551589694915,115.42544334229105,19.445291042818347,22.295865280888094,0.2461131,39541.20408628072,0,2.3060840774410525,1.962695,0
1959,5.062147320314403,0.18081021,3.2476716,180.6560066098384,635.3335825411978,0,0,0,8.33e-6,1.1424694,0,8.12e-4,2.9273835365043324,24.39244181967678,115.82317687176585,19.67479079345356,21.9922376722243,0.30755864,41438.42089110271,0,2.416851443666726,2.1134525,0
1960,5.172388373449525,0.17259465,3.3209398,186.25052466956765,638.3770076667361,0,0,0,8.37e-6,1.2458107,0,8.17e-4,3.004510143526324,24.744509623542122,117.88652744052874,20.41138593029802,21.837540263734283,0.4304021,43900.390514425,0,2.5812278911084774,1.8302425,0
1961,5.17538811116514,0.16861102,3.4304351,192.53233441748233,675.731091294093,0,0,0,8.37e-6,1.346892,0,8.17e-4,3.3088703079273443,25.592635756185235,127.87833397527892,21.10939233439769,23.18160824260567,0.55328481,44618.37104607182,0,2.598233576620904,1.8614975,0
1962,5.178072872181031,0.17112099,3.6249821,195.5828034317007,656.4971524399496,0,0,0,8.41e-6,1.4460951,0,8.21e-4,3.371477690442374,26.123920001492895,123.74466040564505,21.692974571159382,22.374203155697607,0.61483924,46023.19020762645,0,2.7002811737203465,1.72781,0
1963,5.360570977545857,0.18314033,3.9881367,206.48969451213642,721.9546535331556,0,0,0,8.39e-6,1.5429261,0,8.19e-4,3.5035052498326507,27.486272175131095,138.52826542692705,23.010958839200136,24.442497940440266,0.55366285,48046.80142945132,0,2.8539917120034564,1.6815725,0
1964,5.197571109169455,0.20130699,4.4326257,210.01330440115612,671.1162722337821,0,0,0,8.44e-6,1.6379776,0,8.24e-4,3.5105665901760936,27.48516920756594,128.36874649791835,23.475261190763657,22.206828718138436,0.49245891,50428.9697350919,0,3.004514156024243,1.599025,0
1965,5.207876249198115,0.2250418,4.9089192,217.57257870633606,693.692621686922,0,0,0,8.46e-6,1.7308461,0,8.27e-4,3.605640675343679,28.92819529445466,134.36095320827636,24.256296020534442,22.47602882600019,0.4926084,51739.96684324065,0,3.1448160899966173,1.535235,0
1966,5.220448247346655,0.26721734,5.6248074,222.23662713194764,694.5223852440356,0,0,0,8.51e-6,1.8217969,0,8.32e-4,3.6880278142678415,30.55956745618572,135.00883029764867,24.866560875887068,22.179009997525913,0.61550021,53041.16250982453,0,3.2965998446992564,1.425445,0
1967,5.322612527573254,0.32052973,6.3547572,227.94773092562448,727.9903606810037,1.25e-5,0,6.9e-5,8.54e-6,1.9105949,0,8.37e-4,3.8127993862624625,32.217753849238854,142.72701855874848,26.28567761119575,23.241504992898403,0.7384486,53337.757212920405,0,3.4097287462521644,1.4740325,0
1968,5.331029707078242,0.40423022,7.3324415,233.34331086349798,718.5769611618427,8.8e-5,0,4.86e-4,8.63e-6,1.9976935,0,8.46e-4,3.8647397641000025,33.538604379646095,141.5645657614499,27.17482619087432,22.410116692121008,0.67731523,55689.90037409312,0,3.611529541955205,1.45535,0
1969,5.368816770167908,0.5206411,8.4831718,240.0196795499908,723.0042749628536,9.37e-5,0,5.04e-4,0.009824818,2.0817369,0,8.45e-4,3.9114835540531776,34.01392721881396,142.77722950141592,27.656310791052373,21.62221044767105,0.67751619,57924.00207199252,0,3.815794262752957,1.5927875,0
1970,5.512171331375961,0.6581692,9.5318801,252.27398734255993,755.1153399446365,2.47e-5,0,1.09e-4,0.036330653,2.1644992,0,8.52e-4,4.028944696341872,36.90694582070345,150.69404930455383,29.26679166369973,22.20754563356765,0.80047128,61684.412131961966,0,4.106844285352388,1.5540675,0
1971,5.648040214007694,0.82992065,10.711494,253.541798496334,767.182005546284,1.33e-5,0,4.26e-5,0.064586906,2.2451174,0,8.59e-4,4.149980510701299,37.72808591831933,153.60392542047381,30.02637695982996,22.521946288766856,0.86210262,61739.6717852227,0,4.265955968749773,1.39686,0
1972,5.961041540490342,1.0559029,12.24311,261.9980336917045,836.2972486518631,1.35e-5,0,4.3e-5,0.082580189,2.3233295,0,8.64e-4,4.328054208704604,38.92956848470357,168.2854239815382,31.820343680312074,24.83086181853691,0.86237286,63423.49295423545,0,4.458190450085031,1.4712225,0
1973,5.904965759663636,1.330787,14.085332,266.16512409950633,788.6474086104428,1.38e-5,0,5.5e-5,0.090214925,2.4006492,0,8.77e-4,4.421970983184689,39.077147774635975,158.39794357922452,32.512199854753426,22.72441157132578,0.92401065,66406.01944127724,0,4.713276115655331,1.431245,0
1974,5.977766762134049,1.4191691,14.311146,266.1868541737552,784.9125759412037,1.4e-5,0,0.052416219,0.087063163,2.474116,0,8.78e-4,4.539017780465074,39.706161119253856,157.07297635418965,32.46003020892828,22.80145578475322,1.0394718,65564.11447202189,0,4.697180726926995,1.4024025,0
1975,5.995087690843933,1.4004084,14.321042,266.59958225779104,777.325534372916,1.42e-5,0,0.19213674,0.072875586,2.545125,0,8.78e-4,4.662519939605111,40.41858143316212,153.93633761328505,31.93198897709859,22.264603230804575,1.1646458,64732.995452648836,0,4.688828813463511,1.3808225,0
1976,6.2902483963142135,1.5554771,16.011714,272.04531676531684,812.7191019373485,1.44e-5,0,0.33759564,0.047412585,2.614347,0,8.8e-4,4.848386641856449,41.3620156432234,161.99925962556634,33.47026458339766,23.51357004194019,1.4235416,67749.47790931066,0,4.933254169262232,1.3876025,0
1977,6.443312521409605,1.692355,16.762577,275.80374128243596,823.8818930647199,2.14e-6,0,0.42456315,0.022180513,3.5323931,0,8.87e-4,4.911605165220191,42.03891253203241,164.5936117511371,34.19898786804245,23.467851498093665,2.1583469,68243.01993101323,0,5.091565170695095,1.50485,0
1978,6.686352374236632,1.7691766,16.898235,278.0582604486038,843.4677252187571,-6.25e-5,0,0.45249588,-0.059867027,4.661461,0,8.95e-4,5.059155892699415,43.01272355034791,166.88994651970464,35.190199031533545,24.037160786968986,2.8286901,68610.2345635925,0,5.251520539956392,1.4773625,0
1979,6.75931397843567,1.9203395,17.898313,283.2758768926939,841.097752534346,-2.04e-6,0,0.42017076,-0.17766763,5.0937882,0,9e-4,5.130835119454146,43.883184310910266,167.5281790667104,35.7833512201239,24.172071714987744,2.8296177,69975.05232278827,0,5.3963129733991275,1.279135,0
1980,6.631200766349631,1.9633226,17.664267,281.7607986563305,831.9442385914159,7.94e-5,0,0.35605477,-0.12485274,5.1732709,0,9.02e-4,5.160743956254944,44.56336554313004,166.09830602014537,35.4055522344976,24.095577432251336,2.8304823,69764.2424960363,0,5.344190679043879,1.3557675,0
1981,6.510799458509137,1.7391266,16.187192,276.03464715228233,816.6845861465264,1.71e-5,0,0.32601335,0.11779446,4.4274361,0,9.03e-4,5.090805031328575,44.90839687777896,162.53468250070728,34.55730619416598,23.624872253116337,2.9541119,67461.23279910795,0,5.26758533031697,1.318215,0
1982,6.798481818247737,1.6205522,15.97381,281.9967090210966,910.7198950474248,-8.23e-5,0,0.33083911,0.22216908,3.5575865,0,8.94e-4,5.119392154752945,45.97643250887442,181.64209958111655,35.030711709229735,26.91971431853799,2.9550432,66021.17345524904,0,5.23829289071443,1.2400925,0
1983,6.492832402063879,1.8456854,16.384525,274.8096714525097,805.4980110734731,-2.71e-5,0,0.33559498,0.09748991,3.8040369,0,8.87e-4,5.140107100883495,45.63883970303575,158.5586387943918,33.429085905981154,23.031638652721313,3.2014371,64855.64436083437,0,5.273203624770605,1.3059375,0
1984,6.6982126361703305,1.954181,14.927399,279.40090577308854,829.5183317259686,8.66e-5,0,0.48356263,0.027417786,4.8805395,0,8.93e-4,5.236069866155746,46.596654720061984,162.74756461030003,34.48963280363246,23.848303206282967,3.570683,65603.3991777561,0,5.44384635898182,1.53905,0
1985,6.785859560738527,1.930951,13.863624,281.14926339435834,846.5355392771232,2.16e-4,0,0.56320674,0.085787554,5.2553933,0,9.02e-4,5.190930391229331,47.275673625185235,163.56162537265115,35.014477929428196,24.305269978324773,3.6945657,65865.24740158352,0,5.526639388802308,1.44404,0
1986,6.922980207895298,2.0447892,14.595216,286.085218599771,854.3268758708407,2.16e-4,6.84e-4,0.57273931,0.044305139,5.6896951,0,9.08e-4,5.214470129676551,47.98612391565116,166.18819110591517,35.89424775588834,24.381426837284383,3.9411958,65715.78819657186,0,5.62844939957237,1.50851,0
1987,7.111779938218187,2.1868179,15.122737,290.0162643988826,889.7878585238846,5.82e-5,0.004878587,0.79616882,-0.099665792,6.5386064,0,9.14e-4,5.312270650446591,48.9487817884506,173.40699321034518,37.019190368171024,25.72037920346275,4.3106697,66897.5399108781,0,5.80973939274831,1.45737,0
1988,7.3018977607631035,2.2384091,15.295333,293.8968764502073,884.5885130289755,0.021115007,0.06849384,0.88192316,-0.073662439,6.6278139,0,9.28e-4,5.371744858991903,49.356088643426276,171.66527521003138,38.40659975172211,25.570858887725326,4.6802608,67447.34167545891,0,5.99872091975231,1.411295,0
1989,7.257178464982251,2.2075539,15.212081,297.78201444508215,861.8639047620958,0.31476996,0.67304705,0.82629641,0.054397397,6.6572182,0,0.006065534,5.3434621009364305,49.810391388577884,168.35840643013546,38.81278082370361,24.718618085562827,5.0499664,67243.84102421088,0,6.096045725041315,1.351895,0
1990,7.366565014883084,2.1076967,14.407865,299.69921517188646,872.4008662135478,0.96053501,1.7208698,0.69729352,0.18589003,6.6838429,0,0.02696988,5.449472333828251,50.19693172860873,172.9425248700365,39.11998746089395,25.59316978912931,5.1743108,67172.03085009483,0,6.261020207906695,1.3582425,0
1991,7.8969382761117535,1.982897,12.924815,312.6728037445687,1062.2239736509446,1.727734,2.7251313,0.70613627,0.24819351,7.0572566,0,0.058141591,5.612734085727126,51.998005312612385,214.67982421578904,41.00794097302733,32.621031752967376,5.29866,66026.74172760583,0,6.284273522080062,1.3564375,0
1992,7.246543078971879,1.9500444,11.907588,294.1955951694843,848.1151545384239,2.4767485,4.0250116,1.0018637,0.18194194,7.9102615,0,0.088755914,5.386891799745031,50.16829369461445,168.85428732676283,39.38632754518511,24.759080011731573,5.4230636,63440.07721859722,0,6.246345296259517,1.435045,0
1993,7.444857284716558,1.9984803,11.381334,294.1580944080507,879.2923795186429,3.0949997,11.967198,1.5166355,0.157163,8.3534838,0,0.1188094,5.453229782575015,50.68475336989313,174.9053143334137,40.03288202463141,26.021381293301424,5.424762,62386.382162267655,0,6.278538484875603,1.357495,0
1994,7.876275485782194,2.1430557,11.006658,305.9981835327993,1001.3754184865113,3.5515518,24.558229,2.3253155,0.20390529,8.737968,0,0.14808425,5.644825946747824,52.38576160708213,202.57272221899711,41.120357690201956,30.928218893693987,5.5491826,61111.21040799251,0,6.326001935967164,1.6073625,0
1995,7.871744308374906,2.3880707,10.682998,300.13410664230855,894.810273816488,3.8771223,36.211193,3.4395305,0.29614801,9.315257,0,0.17780027,5.702970045993108,51.626009134463985,178.48168252636268,41.127951081033906,27.36499691293778,5.6736625,59816.725987399215,0,6.473829027646904,1.4826425,0
1996,7.667921539995913,2.6638414,10.505743,304.18799693495583,860.7400710047575,4.0579149,48.538296,4.5014521,0.39044285,9.7707047,0,0.20547879,5.795083796206819,51.7742138639415,172.87599199672675,41.14696470390559,26.307555996024224,5.5527008,58340.09929000885,0,6.607516836392831,1.6409775,0
1997,8.274176752417093,2.8728436999999998,10.417958,327.25362691138776,1148.298084935957,4.6266327,58.758537,5.5717023,0.427562,9.7952259,4.96e-5,0.25820595,5.964243078076689,54.58801483532903,237.61483166536445,43.42510279742944,35.88568705076406,5.7834259,58649.79597854169,0,6.723946830809527,2.0214425,0
1998,8.298037870899977,2.9899069,10.335348,309.3459762514361,1024.0838516713668,6.9049469,70.049792,6.8917397,0.54029666,10.02529,3.58e-4,0.60512272,6.015102519914701,55.19966766546231,205.46339049123637,43.73514018066325,35.26374247577584,5.6031107,57756.2913994172,0,6.767030595637949,1.6769825,0
1999,7.509652251700695,2.9607505,10.216505,302.7571835902888,883.6387759219278,8.6848445,91.978363,7.9486502,0.7424207,10.07373,0.003108151,1.0699013,5.773539298794845,53.352475990188154,178.84783636060746,41.725489012552664,27.83187197991416,5.1676463,55108.77709295207,0,6.828137577842818,1.63835,0
2000,7.130429578151542,2.8153943,9.9231457,303.91693693452413,830.1249992811936,10.640667,99.657424,8.5987563,0.86319988,9.2978389,0.034006926,1.411492,5.637808253751525,53.238153470879844,169.19263599258866,41.40903357187749,25.216548647463387,5.2735332,54723.047399277035,0,7.031229567951632,1.4457475,0
2001,7.176137697248867,3.0480682,10.593275,305.19930490324845,825.904838542893,11.075295,96.243251,9.8521252,0.94275566,8.9840003,0.80619906,1.6540309,5.687468141066191,53.00380219982548,169.9317264820505,41.6143446760203,24.890555240965423,5.3282102,55141.98567131143,0,7.102266920941852,1.3005575,0
2002,7.543770514495594,3.4534372,11.982167,310.66573907595404,912.6878925661982,12.214474,102.73275,11.617585,1.2107813,9.7208997,2.9170651,2.8037817,5.882279335181018,54.778317166815825,191.91217478384002,42.1944618512556,30.618188203243843,5.4976481,54885.57702473581,0,7.234130361092217,1.399595,0
2003,7.620347716106163,3.16329,12.579882,316.12351941835783,889.1235704565056,15.640539,117.40605,13.114832,1.560512,11.005369,5.226518,4.7856897,5.966478207830333,55.31029861312006,186.66296368798407,42.79946026650464,30.89546978763455,5.5417194,57315.29524259916,0,7.582152315076377,1.65821,0
2004,7.799626740363271,2.2029533,12.194883,323.75861627744905,884.1039398235968,15.758879,125.65071,13.097501,2.0510461,12.712613,6.6512131,5.4873038,6.053655601317032,55.57621038735847,187.63124469487565,44.39681305208978,28.59100353761112,5.6480085,59676.29584351575,0,7.947744551082983,1.4748875,0
2005,7.986400479840765,1.9480504,11.060838,328.2156378893396,889.0724421845606,16.143675000000002,126.49199,12.434284,2.365528,14.626529,7.0791974,6.3606922,6.09989431540291,56.36286325768456,189.30295950417894,45.4210799598775,28.745490934989864,6.2799143,62535.243435443976,0,8.218910891302968,1.334875,0
2006,7.927796816116265,2.045423,10.21735,336.7046054568279,918.4682446442383,19.891066,133.41048,14.118518,2.3531588,12.639849,6.8754044,8.3862482,6.164160980403038,57.78852179483645,198.6567275063069,45.647399585478084,30.098216993159134,6.9409178,62824.02727912552,0,8.506800186021193,1.45528,0
2007,8.08204120555994,1.7666158,9.3272415,331.78564701301525,866.1698421282188,26.595246,127.25708,16.399738,2.4154053,9.3262891,6.6980995,8.4029745,6.292385828590008,58.48842711883264,185.89582519117505,47.21783986355179,28.6625150422692,6.9754073,62339.66126844936,0,8.829802472759678,1.25398,0
2008,7.853940973724651,1.746034,9.0353429,332.6652531000626,807.1988410631299,30.815622,138.28669,17.544095,2.6196596,8.8123411,7.076053,10.669375,6.20862669087273,58.49146808010976,177.93169984163856,46.157710105090764,26.922059811794718,6.8835341,60243.93934773216,0,8.893432994814866,1.3319625,0
2009,7.652509941488788,1.7995507,9.6854874,332.92263618824285,813.2474212214805,33.926872,160.10848,21.142804,2.9666725,9.9336003,7.8522494,16.223306,6.19408296073848,58.638772536953574,180.70409341065533,43.352475454495924,26.65456370931421,7.159861,55297.78260130075,0,8.697644212245947,1.439405,0
2010,8.064626180315559,1.7742176,10.48947,337.40396204551803,844.4232008776492,35.069515,165.044,20.460881,3.1827017,11.247607,8.7778712,15.914528,6.396657158009119,60.02385963603268,187.71294408109392,44.147004045974995,29.269074557361957,7.2759031,53744.10247291802,0,9.224274059029023,1.4977925,0
2011,7.689530890690923,1.8467555,11.056837,340.27766246140953,799.1873425610304,43.330418,190.47655,22.158614,3.410604,12.498165,9.4654578,20.415233,6.424517271372108,60.24227601326732,182.21565147538925,44.73273015501255,26.68616406089497,7.4656928,55407.343846061616,0,9.491668654597154,1.440575,0
2012,7.888864665961696,1.794986,9.6609456,344.97305170285915,840.1453103717523,45.81505,205.00564,21.423,3.2771162,12.591587,9.054248,24.0671,6.497350195736714,62.01768958009464,194.0685800765677,44.31208943807916,29.74767476636608,7.7062836,53794.13475107951,0,9.600780554079684,1.5425475,0
2013,7.566822826287947,1.6324652,8.3027436,342.4217282251482,786.5605673257643,38.8888,202.01825,23.8069,2.9986006,11.604213,9.7859,21.452891,6.565612468760644,61.778310310274335,183.98406646513268,42.87469747158683,26.915805722639316,7.686158,51287.4465368985,0,9.778883016679616,1.39633,0
2014,7.653824906407041,1.6517,9.8735,348.4314411674679,839.8995321784323,57.1243,200.0249,25.2487,3.5393,12.991,10.1025,30.4858,6.723239550491429,62.99437151085938,199.5778472774615,42.568295386031885,29.75919947717752,7.8784,49070.39669692508,0,9.854960230857046,1.47276,0
2015,7.629746743969698,1.57,10.8699,354.1227615900817,891.6299469565996,78.7906,201.9534,32.381,3.6633,14.4857,11.7285,38.5792,6.790149053713335,63.8913142379985,213.22898966445925,42.53349169852574,32.01772658674265,8.02,46210.107459182334,0,9.831783430419682,1.5097125,0
2016,7.230268186577807,1.5674,10.8519602,345.6921795588055,753.791863817108,98.363272,214.99666,38.77266,4.06551696,12.12738,13.7053912,32.29838,6.719984255457846,63.552641096616426,185.86555012365025,41.40816396381005,27.332944912072737,8.04314,44228.3789743231,0,9.844518994845481,1.20258,0
2017,7.292786592493342,1.5648,10.8340204,348.73637255283626,746.2664612300972,117.935944,228.03992,45.16432,4.46773392,9.76906,15.6822824,26.01756,6.855896570964614,63.98845054218885,187.06208098006354,41.336352930957645,29.075610092481984,8.06628,42483.79235020238,0,10.008009570830387,1.154755,0
2018,7.092048983803606,1.5622,10.8160806,351.9017827008332,741.4288513929433,137.508616,241.08318,51.55598,4.86995088,7.41074,17.6591736,19.73674,6.902446037347695,64.62544912636201,186.55297897081525,40.57419893278161,28.119273643310873,8.08942,41270.471682829026,0,10.192065933879116,1.0493225,0
2019,7.3947430205013305,1.5596,10.7981408,358.8501226963975,816.6665268697209,157.081288,254.12644,57.94764,5.27216784,5.05242,19.6360648,13.45592,7.024010340132343,66.28741374795811,205.88646188238786,40.816240518833766,34.028716718752044,8.11256,40497.74857363409,0,10.212820533915112,1.0335,0
2020,6.970416820091973,1.557,10.780201,345.322687391301,727.5013684587323,176.65396,267.1697,64.3393,5.6743848,2.6941,21.612956,7.1751,6.938356019578361,66.2253535665582,185.5478686682058,37.28902364286294,29.4314800211349,8.1357,34128.355055678396,0,9.751178035505564,0.93859,0
2021,7.339759990771279,1.55626,10.775021,355.84350342534617,786.4302273289521,181.708385,261.75265,66.04767,5.64972451,2.48112,22.1511087,6.60788,7.230771778361125,68.25275064266137,200.70679599551192,38.31594371268817,36.815406520941686,7.66123,35606.58879292728,0,10.32481800316773,0.969645,0
2022,6.699266460676099,1.55552,10.769841,354.90930634456464,665.8321610591544,186.76281,256.3356,67.75604,5.62506422,2.26814,22.6892614,6.04066,6.921972029380851,66.82359011712235,176.4611651493569,37.5234332148448,25.60469823544954,7.18676,35322.384204614726,0,10.397832196076484,0.96644,0
