"scenario","year","variable","hector","units"
"old",1745,"CO2_concentration",277.15,"ppmv CO2"
"old",1746,"CO2_concentration",277.186921051238,"ppmv CO2"
"old",1747,"CO2_concentration",277.220324776666,"ppmv CO2"
"old",1748,"CO2_concentration",277.251599276368,"ppmv CO2"
"old",1749,"CO2_concentration",277.281113854209,"ppmv CO2"
"old",1750,"CO2_concentration",277.309117699527,"ppmv CO2"
"old",1751,"CO2_concentration",277.335763879223,"ppmv CO2"
"old",1752,"CO2_concentration",277.362674174179,"ppmv CO2"
"old",1753,"CO2_concentration",277.389933629502,"ppmv CO2"
"old",1754,"CO2_concentration",277.416876558391,"ppmv CO2"
"old",1755,"CO2_concentration",277.442829607646,"ppmv CO2"
"old",1756,"CO2_concentration",277.466436534165,"ppmv CO2"
"old",1757,"CO2_concentration",277.466354702383,"ppmv CO2"
"old",1758,"CO2_concentration",277.471316176657,"ppmv CO2"
"old",1759,"CO2_concentration",277.48677957618,"ppmv CO2"
"old",1760,"CO2_concentration",277.5088593834,"ppmv CO2"
"old",1761,"CO2_concentration",277.533757648977,"ppmv CO2"
"old",1762,"CO2_concentration",277.560450491917,"ppmv CO2"
"old",1763,"CO2_concentration",277.495241580921,"ppmv CO2"
"old",1764,"CO2_concentration",277.429583458829,"ppmv CO2"
"old",1765,"CO2_concentration",277.408124690829,"ppmv CO2"
"old",1766,"CO2_concentration",277.417210836824,"ppmv CO2"
"old",1767,"CO2_concentration",277.409065123496,"ppmv CO2"
"old",1768,"CO2_concentration",277.390558597062,"ppmv CO2"
"old",1769,"CO2_concentration",277.394729075768,"ppmv CO2"
"old",1770,"CO2_concentration",277.418241395489,"ppmv CO2"
"old",1771,"CO2_concentration",277.438686732537,"ppmv CO2"
"old",1772,"CO2_concentration",277.464641766312,"ppmv CO2"
"old",1773,"CO2_concentration",277.499064668656,"ppmv CO2"
"old",1774,"CO2_concentration",277.538253547432,"ppmv CO2"
"old",1775,"CO2_concentration",277.578205211703,"ppmv CO2"
"old",1776,"CO2_concentration",277.619072886115,"ppmv CO2"
"old",1777,"CO2_concentration",277.660450666508,"ppmv CO2"
"old",1778,"CO2_concentration",277.70126603339,"ppmv CO2"
"old",1779,"CO2_concentration",277.74127320341,"ppmv CO2"
"old",1780,"CO2_concentration",277.781245457509,"ppmv CO2"
"old",1781,"CO2_concentration",277.820221640709,"ppmv CO2"
"old",1782,"CO2_concentration",277.859536779309,"ppmv CO2"
"old",1783,"CO2_concentration",277.898821775839,"ppmv CO2"
"old",1784,"CO2_concentration",277.755484026376,"ppmv CO2"
"old",1785,"CO2_concentration",277.367019772055,"ppmv CO2"
"old",1786,"CO2_concentration",277.11491168704,"ppmv CO2"
"old",1787,"CO2_concentration",277.009592481977,"ppmv CO2"
"old",1788,"CO2_concentration",277.003249221453,"ppmv CO2"
"old",1789,"CO2_concentration",277.051970304071,"ppmv CO2"
"old",1790,"CO2_concentration",277.126933030813,"ppmv CO2"
"old",1791,"CO2_concentration",277.211820766715,"ppmv CO2"
"old",1792,"CO2_concentration",277.300271066506,"ppmv CO2"
"old",1793,"CO2_concentration",277.389031108473,"ppmv CO2"
"old",1794,"CO2_concentration",277.476562715219,"ppmv CO2"
"old",1795,"CO2_concentration",277.561416196164,"ppmv CO2"
"old",1796,"CO2_concentration",277.645266277447,"ppmv CO2"
"old",1797,"CO2_concentration",277.716154315928,"ppmv CO2"
"old",1798,"CO2_concentration",277.77171350872,"ppmv CO2"
"old",1799,"CO2_concentration",277.831492297544,"ppmv CO2"
"old",1800,"CO2_concentration",277.902451661495,"ppmv CO2"
"old",1801,"CO2_concentration",277.980775766055,"ppmv CO2"
"old",1802,"CO2_concentration",278.063178296936,"ppmv CO2"
"old",1803,"CO2_concentration",278.148189801013,"ppmv CO2"
"old",1804,"CO2_concentration",278.233500386956,"ppmv CO2"
"old",1805,"CO2_concentration",278.319978360973,"ppmv CO2"
"old",1806,"CO2_concentration",278.406510812263,"ppmv CO2"
"old",1807,"CO2_concentration",278.490807846386,"ppmv CO2"
"old",1808,"CO2_concentration",278.573618531918,"ppmv CO2"
"old",1809,"CO2_concentration",278.653545042766,"ppmv CO2"
"old",1810,"CO2_concentration",278.373558655646,"ppmv CO2"
"old",1811,"CO2_concentration",278.091882584265,"ppmv CO2"
"old",1812,"CO2_concentration",277.96476380725,"ppmv CO2"
"old",1813,"CO2_concentration",277.970092441042,"ppmv CO2"
"old",1814,"CO2_concentration",278.051439607951,"ppmv CO2"
"old",1815,"CO2_concentration",278.169107696418,"ppmv CO2"
"old",1816,"CO2_concentration",277.976760750064,"ppmv CO2"
"old",1817,"CO2_concentration",277.56553652975,"ppmv CO2"
"old",1818,"CO2_concentration",277.341216277428,"ppmv CO2"
"old",1819,"CO2_concentration",277.325422887893,"ppmv CO2"
"old",1820,"CO2_concentration",277.436119026133,"ppmv CO2"
"old",1821,"CO2_concentration",277.608462152447,"ppmv CO2"
"old",1822,"CO2_concentration",277.797867114257,"ppmv CO2"
"old",1823,"CO2_concentration",277.992120939918,"ppmv CO2"
"old",1824,"CO2_concentration",278.156288457214,"ppmv CO2"
"old",1825,"CO2_concentration",278.329810561177,"ppmv CO2"
"old",1826,"CO2_concentration",278.521672492977,"ppmv CO2"
"old",1827,"CO2_concentration",278.726277633661,"ppmv CO2"
"old",1828,"CO2_concentration",278.937645181886,"ppmv CO2"
"old",1829,"CO2_concentration",279.150737319452,"ppmv CO2"
"old",1830,"CO2_concentration",279.364969946868,"ppmv CO2"
"old",1831,"CO2_concentration",279.582492128155,"ppmv CO2"
"old",1832,"CO2_concentration",279.573915894717,"ppmv CO2"
"old",1833,"CO2_concentration",279.540780607448,"ppmv CO2"
"old",1834,"CO2_concentration",279.614220389224,"ppmv CO2"
"old",1835,"CO2_concentration",279.776946710509,"ppmv CO2"
"old",1836,"CO2_concentration",279.825166430033,"ppmv CO2"
"old",1837,"CO2_concentration",279.880349114061,"ppmv CO2"
"old",1838,"CO2_concentration",280.022869864763,"ppmv CO2"
"old",1839,"CO2_concentration",280.234379488426,"ppmv CO2"
"old",1840,"CO2_concentration",280.483711123862,"ppmv CO2"
"old",1841,"CO2_concentration",280.750810854002,"ppmv CO2"
"old",1842,"CO2_concentration",281.024780511054,"ppmv CO2"
"old",1843,"CO2_concentration",281.301683910798,"ppmv CO2"
"old",1844,"CO2_concentration",281.579845514553,"ppmv CO2"
"old",1845,"CO2_concentration",281.859445785918,"ppmv CO2"
"old",1846,"CO2_concentration",282.13999055098,"ppmv CO2"
"old",1847,"CO2_concentration",282.403849030548,"ppmv CO2"
"old",1848,"CO2_concentration",282.667272251248,"ppmv CO2"
"old",1849,"CO2_concentration",282.938157450472,"ppmv CO2"
"old",1850,"CO2_concentration",283.217541873789,"ppmv CO2"
"old",1851,"CO2_concentration",283.502862277171,"ppmv CO2"
"old",1852,"CO2_concentration",283.784582971091,"ppmv CO2"
"old",1853,"CO2_concentration",284.091097762591,"ppmv CO2"
"old",1854,"CO2_concentration",284.368664295508,"ppmv CO2"
"old",1855,"CO2_concentration",284.628553708725,"ppmv CO2"
"old",1856,"CO2_concentration",284.887671764996,"ppmv CO2"
"old",1857,"CO2_concentration",285.148686280582,"ppmv CO2"
"old",1858,"CO2_concentration",285.389452306911,"ppmv CO2"
"old",1859,"CO2_concentration",285.631407727613,"ppmv CO2"
"old",1860,"CO2_concentration",285.881662111653,"ppmv CO2"
"old",1861,"CO2_concentration",286.135882371955,"ppmv CO2"
"old",1862,"CO2_concentration",286.386119842115,"ppmv CO2"
"old",1863,"CO2_concentration",286.52862780487,"ppmv CO2"
"old",1864,"CO2_concentration",286.675330498657,"ppmv CO2"
"old",1865,"CO2_concentration",286.857447867682,"ppmv CO2"
"old",1866,"CO2_concentration",287.062393112443,"ppmv CO2"
"old",1867,"CO2_concentration",287.276422437791,"ppmv CO2"
"old",1868,"CO2_concentration",287.492422081822,"ppmv CO2"
"old",1869,"CO2_concentration",287.704287826672,"ppmv CO2"
"old",1870,"CO2_concentration",287.914122703729,"ppmv CO2"
"old",1871,"CO2_concentration",288.119158850691,"ppmv CO2"
"old",1872,"CO2_concentration",288.33253689135,"ppmv CO2"
"old",1873,"CO2_concentration",288.589420905923,"ppmv CO2"
"old",1874,"CO2_concentration",288.817465417457,"ppmv CO2"
"old",1875,"CO2_concentration",289.037525370321,"ppmv CO2"
"old",1876,"CO2_concentration",289.261037355711,"ppmv CO2"
"old",1877,"CO2_concentration",289.481535321935,"ppmv CO2"
"old",1878,"CO2_concentration",289.702272848146,"ppmv CO2"
"old",1879,"CO2_concentration",289.920575519327,"ppmv CO2"
"old",1880,"CO2_concentration",290.139498594003,"ppmv CO2"
"old",1881,"CO2_concentration",290.360097945785,"ppmv CO2"
"old",1882,"CO2_concentration",290.589257179269,"ppmv CO2"
"old",1883,"CO2_concentration",290.79503505787,"ppmv CO2"
"old",1884,"CO2_concentration",290.952390530955,"ppmv CO2"
"old",1885,"CO2_concentration",290.935982804602,"ppmv CO2"
"old",1886,"CO2_concentration",290.975389652238,"ppmv CO2"
"old",1887,"CO2_concentration",291.102640693716,"ppmv CO2"
"old",1888,"CO2_concentration",291.274777383097,"ppmv CO2"
"old",1889,"CO2_concentration",291.485587749205,"ppmv CO2"
"old",1890,"CO2_concentration",291.709085322318,"ppmv CO2"
"old",1891,"CO2_concentration",291.932537673301,"ppmv CO2"
"old",1892,"CO2_concentration",292.13718631958,"ppmv CO2"
"old",1893,"CO2_concentration",292.355704926086,"ppmv CO2"
"old",1894,"CO2_concentration",292.584547382502,"ppmv CO2"
"old",1895,"CO2_concentration",292.828934771177,"ppmv CO2"
"old",1896,"CO2_concentration",293.082632475872,"ppmv CO2"
"old",1897,"CO2_concentration",293.338869526658,"ppmv CO2"
"old",1898,"CO2_concentration",293.599310634033,"ppmv CO2"
"old",1899,"CO2_concentration",293.865087857114,"ppmv CO2"
"old",1900,"CO2_concentration",294.141897561318,"ppmv CO2"
"old",1901,"CO2_concentration",294.423629721857,"ppmv CO2"
"old",1902,"CO2_concentration",294.73647514519,"ppmv CO2"
"old",1903,"CO2_concentration",295.039627291999,"ppmv CO2"
"old",1904,"CO2_concentration",295.287455976664,"ppmv CO2"
"old",1905,"CO2_concentration",295.552031481768,"ppmv CO2"
"old",1906,"CO2_concentration",295.886727853035,"ppmv CO2"
"old",1907,"CO2_concentration",296.256522341195,"ppmv CO2"
"old",1908,"CO2_concentration",296.64741094315,"ppmv CO2"
"old",1909,"CO2_concentration",297.020087454627,"ppmv CO2"
"old",1910,"CO2_concentration",297.401913037647,"ppmv CO2"
"old",1911,"CO2_concentration",297.789390360459,"ppmv CO2"
"old",1912,"CO2_concentration",298.143893434509,"ppmv CO2"
"old",1913,"CO2_concentration",298.442735442542,"ppmv CO2"
"old",1914,"CO2_concentration",298.724681452046,"ppmv CO2"
"old",1915,"CO2_concentration",298.983613549003,"ppmv CO2"
"old",1916,"CO2_concentration",299.254216217815,"ppmv CO2"
"old",1917,"CO2_concentration",299.557409488919,"ppmv CO2"
"old",1918,"CO2_concentration",299.868289112484,"ppmv CO2"
"old",1919,"CO2_concentration",300.167085127092,"ppmv CO2"
"old",1920,"CO2_concentration",300.416588350944,"ppmv CO2"
"old",1921,"CO2_concentration",300.717542049436,"ppmv CO2"
"old",1922,"CO2_concentration",300.985899993624,"ppmv CO2"
"old",1923,"CO2_concentration",301.258293674554,"ppmv CO2"
"old",1924,"CO2_concentration",301.573038655872,"ppmv CO2"
"old",1925,"CO2_concentration",301.890034517639,"ppmv CO2"
"old",1926,"CO2_concentration",302.207036362237,"ppmv CO2"
"old",1927,"CO2_concentration",302.512031680328,"ppmv CO2"
"old",1928,"CO2_concentration",302.870855714606,"ppmv CO2"
"old",1929,"CO2_concentration",303.216901866356,"ppmv CO2"
"old",1930,"CO2_concentration",303.581769900573,"ppmv CO2"
"old",1931,"CO2_concentration",303.943223928193,"ppmv CO2"
"old",1932,"CO2_concentration",304.263954780927,"ppmv CO2"
"old",1933,"CO2_concentration",304.48778683342,"ppmv CO2"
"old",1934,"CO2_concentration",304.738132910873,"ppmv CO2"
"old",1935,"CO2_concentration",305.016915143249,"ppmv CO2"
"old",1936,"CO2_concentration",305.309740497183,"ppmv CO2"
"old",1937,"CO2_concentration",305.640409580655,"ppmv CO2"
"old",1938,"CO2_concentration",305.983159266513,"ppmv CO2"
"old",1939,"CO2_concentration",306.28804951122,"ppmv CO2"
"old",1940,"CO2_concentration",306.616752742753,"ppmv CO2"
"old",1941,"CO2_concentration",306.97256521186,"ppmv CO2"
"old",1942,"CO2_concentration",307.318533798015,"ppmv CO2"
"old",1943,"CO2_concentration",307.66379507768,"ppmv CO2"
"old",1944,"CO2_concentration",308.017547857743,"ppmv CO2"
"old",1945,"CO2_concentration",308.359595934916,"ppmv CO2"
"old",1946,"CO2_concentration",308.607918312379,"ppmv CO2"
"old",1947,"CO2_concentration",308.951740489816,"ppmv CO2"
"old",1948,"CO2_concentration",309.366929417431,"ppmv CO2"
"old",1949,"CO2_concentration",309.809787814015,"ppmv CO2"
"old",1950,"CO2_concentration",310.230827527614,"ppmv CO2"
"old",1951,"CO2_concentration",310.723726107053,"ppmv CO2"
"old",1952,"CO2_concentration",311.352064469314,"ppmv CO2"
"old",1953,"CO2_concentration",311.980720082426,"ppmv CO2"
"old",1954,"CO2_concentration",312.609751623332,"ppmv CO2"
"old",1955,"CO2_concentration",313.266232529428,"ppmv CO2"
"old",1956,"CO2_concentration",314.001755735999,"ppmv CO2"
"old",1957,"CO2_concentration",314.800227554917,"ppmv CO2"
"old",1958,"CO2_concentration",315.620832497675,"ppmv CO2"
"old",1959,"CO2_concentration",316.47479961283,"ppmv CO2"
"old",1960,"CO2_concentration",317.336005381787,"ppmv CO2"
"old",1961,"CO2_concentration",318.219731102099,"ppmv CO2"
"old",1962,"CO2_concentration",319.105949885601,"ppmv CO2"
"old",1963,"CO2_concentration",319.992798964015,"ppmv CO2"
"old",1964,"CO2_concentration",320.843472162933,"ppmv CO2"
"old",1965,"CO2_concentration",321.713686350387,"ppmv CO2"
"old",1966,"CO2_concentration",322.666356759066,"ppmv CO2"
"old",1967,"CO2_concentration",323.716905322122,"ppmv CO2"
"old",1968,"CO2_concentration",324.81237367596,"ppmv CO2"
"old",1969,"CO2_concentration",325.953208897322,"ppmv CO2"
"old",1970,"CO2_concentration",327.171273376064,"ppmv CO2"
"old",1971,"CO2_concentration",328.464545133127,"ppmv CO2"
"old",1972,"CO2_concentration",329.733499184474,"ppmv CO2"
"old",1973,"CO2_concentration",331.021466536998,"ppmv CO2"
"old",1974,"CO2_concentration",332.403901003184,"ppmv CO2"
"old",1975,"CO2_concentration",333.721829951826,"ppmv CO2"
"old",1976,"CO2_concentration",334.976458492744,"ppmv CO2"
"old",1977,"CO2_concentration",336.341452220012,"ppmv CO2"
"old",1978,"CO2_concentration",337.775862135241,"ppmv CO2"
"old",1979,"CO2_concentration",339.255592334541,"ppmv CO2"
"old",1980,"CO2_concentration",340.744947169285,"ppmv CO2"
"old",1981,"CO2_concentration",342.154759184807,"ppmv CO2"
"old",1982,"CO2_concentration",343.488946412392,"ppmv CO2"
"old",1983,"CO2_concentration",344.747545437264,"ppmv CO2"
"old",1984,"CO2_concentration",346.003007232286,"ppmv CO2"
"old",1985,"CO2_concentration",347.325999065381,"ppmv CO2"
"old",1986,"CO2_concentration",348.703036965208,"ppmv CO2"
"old",1987,"CO2_concentration",350.130866050759,"ppmv CO2"
"old",1988,"CO2_concentration",351.604729688456,"ppmv CO2"
"old",1989,"CO2_concentration",353.145509066175,"ppmv CO2"
"old",1990,"CO2_concentration",354.705994791857,"ppmv CO2"
"old",1991,"CO2_concentration",356.188850372576,"ppmv CO2"
"old",1992,"CO2_concentration",357.670468458357,"ppmv CO2"
"old",1993,"CO2_concentration",358.937320254976,"ppmv CO2"
"old",1994,"CO2_concentration",360.139661676355,"ppmv CO2"
"old",1995,"CO2_concentration",361.455743453355,"ppmv CO2"
"old",1996,"CO2_concentration",362.891564452135,"ppmv CO2"
"old",1997,"CO2_concentration",364.409661312072,"ppmv CO2"
"old",1998,"CO2_concentration",366.298932420274,"ppmv CO2"
"old",1999,"CO2_concentration",367.922310930387,"ppmv CO2"
"old",2000,"CO2_concentration",369.50616463201,"ppmv CO2"
"old",2001,"CO2_concentration",371.175398890089,"ppmv CO2"
"old",2002,"CO2_concentration",372.77402656341,"ppmv CO2"
"old",2003,"CO2_concentration",374.482667442239,"ppmv CO2"
"old",2004,"CO2_concentration",376.252898961003,"ppmv CO2"
"old",2005,"CO2_concentration",378.250086750201,"ppmv CO2"
"old",1745,"gmst",-0.0874079859595159,"relative to 1951-1980"
"old",1746,"gmst",-0.0874079859595159,"relative to 1951-1980"
"old",1747,"gmst",-0.0874079859595159,"relative to 1951-1980"
"old",1748,"gmst",-0.0874079859595159,"relative to 1951-1980"
"old",1749,"gmst",-0.0874079859595159,"relative to 1951-1980"
"old",1750,"gmst",-0.0874079859595159,"relative to 1951-1980"
"old",1751,"gmst",-0.086766801064144,"relative to 1951-1980"
"old",1752,"gmst",-0.0857999568430418,"relative to 1951-1980"
"old",1753,"gmst",-0.085163982833489,"relative to 1951-1980"
"old",1754,"gmst",-0.085141498930176,"relative to 1951-1980"
"old",1755,"gmst",-0.0864554724599466,"relative to 1951-1980"
"old",1756,"gmst",-0.105024660565717,"relative to 1951-1980"
"old",1757,"gmst",-0.109256988334468,"relative to 1951-1980"
"old",1758,"gmst",-0.105220112592378,"relative to 1951-1980"
"old",1759,"gmst",-0.100334726224873,"relative to 1951-1980"
"old",1760,"gmst",-0.0967165927817958,"relative to 1951-1980"
"old",1761,"gmst",-0.0936201416540854,"relative to 1951-1980"
"old",1762,"gmst",-0.162904839467828,"relative to 1951-1980"
"old",1763,"gmst",-0.193356553598239,"relative to 1951-1980"
"old",1764,"gmst",-0.181026861620608,"relative to 1951-1980"
"old",1765,"gmst",-0.161731519659614,"relative to 1951-1980"
"old",1766,"gmst",-0.171482081772476,"relative to 1951-1980"
"old",1767,"gmst",-0.184501090611624,"relative to 1951-1980"
"old",1768,"gmst",-0.174527745917596,"relative to 1951-1980"
"old",1769,"gmst",-0.158402454169072,"relative to 1951-1980"
"old",1770,"gmst",-0.154857432985074,"relative to 1951-1980"
"old",1771,"gmst",-0.148131425761057,"relative to 1951-1980"
"old",1772,"gmst",-0.137710783869982,"relative to 1951-1980"
"old",1773,"gmst",-0.128309704565485,"relative to 1951-1980"
"old",1774,"gmst",-0.121767862994866,"relative to 1951-1980"
"old",1775,"gmst",-0.116004588327282,"relative to 1951-1980"
"old",1776,"gmst",-0.11113397580174,"relative to 1951-1980"
"old",1777,"gmst",-0.107478649839863,"relative to 1951-1980"
"old",1778,"gmst",-0.10471857391395,"relative to 1951-1980"
"old",1779,"gmst",-0.101984204507736,"relative to 1951-1980"
"old",1780,"gmst",-0.100237749050859,"relative to 1951-1980"
"old",1781,"gmst",-0.098207321392146,"relative to 1951-1980"
"old",1782,"gmst",-0.0963377210256335,"relative to 1951-1980"
"old",1783,"gmst",-0.236750368576138,"relative to 1951-1980"
"old",1784,"gmst",-0.491793441621999,"relative to 1951-1980"
"old",1785,"gmst",-0.509455412445178,"relative to 1951-1980"
"old",1786,"gmst",-0.450349299924981,"relative to 1951-1980"
"old",1787,"gmst",-0.382794251486742,"relative to 1951-1980"
"old",1788,"gmst",-0.325036576909604,"relative to 1951-1980"
"old",1789,"gmst",-0.280319998844264,"relative to 1951-1980"
"old",1790,"gmst",-0.247165948446897,"relative to 1951-1980"
"old",1791,"gmst",-0.221739663526351,"relative to 1951-1980"
"old",1792,"gmst",-0.20201971931316,"relative to 1951-1980"
"old",1793,"gmst",-0.186708721824182,"relative to 1951-1980"
"old",1794,"gmst",-0.175484127546304,"relative to 1951-1980"
"old",1795,"gmst",-0.165654602204848,"relative to 1951-1980"
"old",1796,"gmst",-0.167401895330636,"relative to 1951-1980"
"old",1797,"gmst",-0.176110202176533,"relative to 1951-1980"
"old",1798,"gmst",-0.173905854604496,"relative to 1951-1980"
"old",1799,"gmst",-0.164604835942563,"relative to 1951-1980"
"old",1800,"gmst",-0.155253678463249,"relative to 1951-1980"
"old",1801,"gmst",-0.146851437357816,"relative to 1951-1980"
"old",1802,"gmst",-0.140095866847964,"relative to 1951-1980"
"old",1803,"gmst",-0.134086222283848,"relative to 1951-1980"
"old",1804,"gmst",-0.128607598903041,"relative to 1951-1980"
"old",1805,"gmst",-0.124678993832798,"relative to 1951-1980"
"old",1806,"gmst",-0.120854764499787,"relative to 1951-1980"
"old",1807,"gmst",-0.117641199746638,"relative to 1951-1980"
"old",1808,"gmst",-0.115493494177812,"relative to 1951-1980"
"old",1809,"gmst",-0.394757214104378,"relative to 1951-1980"
"old",1810,"gmst",-0.523325817616697,"relative to 1951-1980"
"old",1811,"gmst",-0.482644214417215,"relative to 1951-1980"
"old",1812,"gmst",-0.406737960078077,"relative to 1951-1980"
"old",1813,"gmst",-0.341646772178329,"relative to 1951-1980"
"old",1814,"gmst",-0.293720852602351,"relative to 1951-1980"
"old",1815,"gmst",-0.536997258146578,"relative to 1951-1980"
"old",1816,"gmst",-0.801423326533473,"relative to 1951-1980"
"old",1817,"gmst",-0.769480720487494,"relative to 1951-1980"
"old",1818,"gmst",-0.652936250260826,"relative to 1951-1980"
"old",1819,"gmst",-0.544988749765445,"relative to 1951-1980"
"old",1820,"gmst",-0.462452817741752,"relative to 1951-1980"
"old",1821,"gmst",-0.409129003741721,"relative to 1951-1980"
"old",1822,"gmst",-0.370098662562527,"relative to 1951-1980"
"old",1823,"gmst",-0.366425184893744,"relative to 1951-1980"
"old",1824,"gmst",-0.343411804147479,"relative to 1951-1980"
"old",1825,"gmst",-0.313249764466381,"relative to 1951-1980"
"old",1826,"gmst",-0.285369034285324,"relative to 1951-1980"
"old",1827,"gmst",-0.262487422112719,"relative to 1951-1980"
"old",1828,"gmst",-0.244647016959444,"relative to 1951-1980"
"old",1829,"gmst",-0.229330631382046,"relative to 1951-1980"
"old",1830,"gmst",-0.216509236159869,"relative to 1951-1980"
"old",1831,"gmst",-0.397477739852925,"relative to 1951-1980"
"old",1832,"gmst",-0.474297228807737,"relative to 1951-1980"
"old",1833,"gmst",-0.438907248430529,"relative to 1951-1980"
"old",1834,"gmst",-0.381952034718572,"relative to 1951-1980"
"old",1835,"gmst",-0.473248994360994,"relative to 1951-1980"
"old",1836,"gmst",-0.49875018114281,"relative to 1951-1980"
"old",1837,"gmst",-0.450373620085234,"relative to 1951-1980"
"old",1838,"gmst",-0.391839479318852,"relative to 1951-1980"
"old",1839,"gmst",-0.342793096120007,"relative to 1951-1980"
"old",1840,"gmst",-0.305060271653261,"relative to 1951-1980"
"old",1841,"gmst",-0.275991304171716,"relative to 1951-1980"
"old",1842,"gmst",-0.25297296459657,"relative to 1951-1980"
"old",1843,"gmst",-0.233757056609957,"relative to 1951-1980"
"old",1844,"gmst",-0.217588040991146,"relative to 1951-1980"
"old",1845,"gmst",-0.204636484719264,"relative to 1951-1980"
"old",1846,"gmst",-0.20734652951617,"relative to 1951-1980"
"old",1847,"gmst",-0.203950318532194,"relative to 1951-1980"
"old",1848,"gmst",-0.193723700202887,"relative to 1951-1980"
"old",1849,"gmst",-0.182007846533824,"relative to 1951-1980"
"old",1850,"gmst",-0.171573835120016,"relative to 1951-1980"
"old",1851,"gmst",-0.161604436853054,"relative to 1951-1980"
"old",1852,"gmst",-0.152977563315967,"relative to 1951-1980"
"old",1853,"gmst",-0.158563122517354,"relative to 1951-1980"
"old",1854,"gmst",-0.165203677918291,"relative to 1951-1980"
"old",1855,"gmst",-0.157908273108425,"relative to 1951-1980"
"old",1856,"gmst",-0.150511550665183,"relative to 1951-1980"
"old",1857,"gmst",-0.157913186933919,"relative to 1951-1980"
"old",1858,"gmst",-0.152637379044156,"relative to 1951-1980"
"old",1859,"gmst",-0.142117706318445,"relative to 1951-1980"
"old",1860,"gmst",-0.132128470503987,"relative to 1951-1980"
"old",1861,"gmst",-0.128644650964107,"relative to 1951-1980"
"old",1862,"gmst",-0.184095104011869,"relative to 1951-1980"
"old",1863,"gmst",-0.19596676884122,"relative to 1951-1980"
"old",1864,"gmst",-0.178412843186333,"relative to 1951-1980"
"old",1865,"gmst",-0.15795701930989,"relative to 1951-1980"
"old",1866,"gmst",-0.140451135641769,"relative to 1951-1980"
"old",1867,"gmst",-0.127287329065305,"relative to 1951-1980"
"old",1868,"gmst",-0.117484221071728,"relative to 1951-1980"
"old",1869,"gmst",-0.108944004926512,"relative to 1951-1980"
"old",1870,"gmst",-0.102167585738335,"relative to 1951-1980"
"old",1871,"gmst",-0.0956064823818578,"relative to 1951-1980"
"old",1872,"gmst",-0.0896443628281328,"relative to 1951-1980"
"old",1873,"gmst",-0.101440199103257,"relative to 1951-1980"
"old",1874,"gmst",-0.100486858892069,"relative to 1951-1980"
"old",1875,"gmst",-0.0962316636062158,"relative to 1951-1980"
"old",1876,"gmst",-0.0920632249979491,"relative to 1951-1980"
"old",1877,"gmst",-0.0852794168837234,"relative to 1951-1980"
"old",1878,"gmst",-0.0784265495232113,"relative to 1951-1980"
"old",1879,"gmst",-0.0730663472028261,"relative to 1951-1980"
"old",1880,"gmst",-0.0716445367556948,"relative to 1951-1980"
"old",1881,"gmst",-0.0701383067270861,"relative to 1951-1980"
"old",1882,"gmst",-0.0650980563682958,"relative to 1951-1980"
"old",1883,"gmst",-0.100835591784177,"relative to 1951-1980"
"old",1884,"gmst",-0.245995856680699,"relative to 1951-1980"
"old",1885,"gmst",-0.261508920346939,"relative to 1951-1980"
"old",1886,"gmst",-0.223749028833296,"relative to 1951-1980"
"old",1887,"gmst",-0.194114153028035,"relative to 1951-1980"
"old",1888,"gmst",-0.163731300039154,"relative to 1951-1980"
"old",1889,"gmst",-0.137648564529329,"relative to 1951-1980"
"old",1890,"gmst",-0.128775235747358,"relative to 1951-1980"
"old",1891,"gmst",-0.135359794973409,"relative to 1951-1980"
"old",1892,"gmst",-0.125020458992924,"relative to 1951-1980"
"old",1893,"gmst",-0.107446612469094,"relative to 1951-1980"
"old",1894,"gmst",-0.094520963112959,"relative to 1951-1980"
"old",1895,"gmst",-0.0844814527428304,"relative to 1951-1980"
"old",1896,"gmst",-0.076155355077661,"relative to 1951-1980"
"old",1897,"gmst",-0.0697777616712001,"relative to 1951-1980"
"old",1898,"gmst",-0.0644600796425628,"relative to 1951-1980"
"old",1899,"gmst",-0.0611464276004407,"relative to 1951-1980"
"old",1900,"gmst",-0.0581981562935778,"relative to 1951-1980"
"old",1901,"gmst",-0.0550335456060045,"relative to 1951-1980"
"old",1902,"gmst",-0.0600875757842362,"relative to 1951-1980"
"old",1903,"gmst",-0.127376278125304,"relative to 1951-1980"
"old",1904,"gmst",-0.14307274296221,"relative to 1951-1980"
"old",1905,"gmst",-0.125744712774641,"relative to 1951-1980"
"old",1906,"gmst",-0.105957481300143,"relative to 1951-1980"
"old",1907,"gmst",-0.103627447359034,"relative to 1951-1980"
"old",1908,"gmst",-0.0962351709568211,"relative to 1951-1980"
"old",1909,"gmst",-0.0853137337541404,"relative to 1951-1980"
"old",1910,"gmst",-0.0781398081511329,"relative to 1951-1980"
"old",1911,"gmst",-0.071500252433962,"relative to 1951-1980"
"old",1912,"gmst",-0.101234993190857,"relative to 1951-1980"
"old",1913,"gmst",-0.129718526703732,"relative to 1951-1980"
"old",1914,"gmst",-0.121628415227508,"relative to 1951-1980"
"old",1915,"gmst",-0.102190577167439,"relative to 1951-1980"
"old",1916,"gmst",-0.0881127665545464,"relative to 1951-1980"
"old",1917,"gmst",-0.0789894842231541,"relative to 1951-1980"
"old",1918,"gmst",-0.0716875332521903,"relative to 1951-1980"
"old",1919,"gmst",-0.0615321738728866,"relative to 1951-1980"
"old",1920,"gmst",-0.0555308386882653,"relative to 1951-1980"
"old",1921,"gmst",-0.0455738471287378,"relative to 1951-1980"
"old",1922,"gmst",-0.0459815149496763,"relative to 1951-1980"
"old",1923,"gmst",-0.0477134040701667,"relative to 1951-1980"
"old",1924,"gmst",-0.0415384172373205,"relative to 1951-1980"
"old",1925,"gmst",-0.0359651203365632,"relative to 1951-1980"
"old",1926,"gmst",-0.0311598466031984,"relative to 1951-1980"
"old",1927,"gmst",-0.0286375772128357,"relative to 1951-1980"
"old",1928,"gmst",-0.0277370502585996,"relative to 1951-1980"
"old",1929,"gmst",-0.0406189915234808,"relative to 1951-1980"
"old",1930,"gmst",-0.0341860903115686,"relative to 1951-1980"
"old",1931,"gmst",-0.0225108778763367,"relative to 1951-1980"
"old",1932,"gmst",-0.0218410539476304,"relative to 1951-1980"
"old",1933,"gmst",-0.0137152973008956,"relative to 1951-1980"
"old",1934,"gmst",-0.00672227541310384,"relative to 1951-1980"
"old",1935,"gmst",-0.00266413520054021,"relative to 1951-1980"
"old",1936,"gmst",-0.00133861970214626,"relative to 1951-1980"
"old",1937,"gmst",-0.00127153930620863,"relative to 1951-1980"
"old",1938,"gmst",0.00286772053078779,"relative to 1951-1980"
"old",1939,"gmst",0.00426451454380843,"relative to 1951-1980"
"old",1940,"gmst",0.00370757023863279,"relative to 1951-1980"
"old",1941,"gmst",0.0032448856129272,"relative to 1951-1980"
"old",1942,"gmst",0.00253796242157917,"relative to 1951-1980"
"old",1943,"gmst",0.00299360496795059,"relative to 1951-1980"
"old",1944,"gmst",0.00516979569159014,"relative to 1951-1980"
"old",1945,"gmst",0.0126623967073163,"relative to 1951-1980"
"old",1946,"gmst",0.0201410817237347,"relative to 1951-1980"
"old",1947,"gmst",0.0227772053809841,"relative to 1951-1980"
"old",1948,"gmst",0.0241140156452575,"relative to 1951-1980"
"old",1949,"gmst",0.0270874221391101,"relative to 1951-1980"
"old",1950,"gmst",0.0260273726126773,"relative to 1951-1980"
"old",1951,"gmst",0.0267365291066534,"relative to 1951-1980"
"old",1952,"gmst",0.0278400325627528,"relative to 1951-1980"
"old",1953,"gmst",0.0290051680096082,"relative to 1951-1980"
"old",1954,"gmst",0.0315223912298515,"relative to 1951-1980"
"old",1955,"gmst",0.0316111182421885,"relative to 1951-1980"
"old",1956,"gmst",0.0294696546881027,"relative to 1951-1980"
"old",1957,"gmst",0.0269416094895924,"relative to 1951-1980"
"old",1958,"gmst",0.0285242307279357,"relative to 1951-1980"
"old",1959,"gmst",0.0297545376428274,"relative to 1951-1980"
"old",1960,"gmst",0.0310783522224441,"relative to 1951-1980"
"old",1961,"gmst",0.0247167533150864,"relative to 1951-1980"
"old",1962,"gmst",0.00971226056344573,"relative to 1951-1980"
"old",1963,"gmst",-0.0609841349362334,"relative to 1951-1980"
"old",1964,"gmst",-0.104281005637372,"relative to 1951-1980"
"old",1965,"gmst",-0.108200235016563,"relative to 1951-1980"
"old",1966,"gmst",-0.0776891043348927,"relative to 1951-1980"
"old",1967,"gmst",-0.0690622238365837,"relative to 1951-1980"
"old",1968,"gmst",-0.0577001838552038,"relative to 1951-1980"
"old",1969,"gmst",-0.0415757015748193,"relative to 1951-1980"
"old",1970,"gmst",-0.0306069784365384,"relative to 1951-1980"
"old",1971,"gmst",-0.0281852922537911,"relative to 1951-1980"
"old",1972,"gmst",-0.0202337024324425,"relative to 1951-1980"
"old",1973,"gmst",-0.00315143239553271,"relative to 1951-1980"
"old",1974,"gmst",0.0103759561385412,"relative to 1951-1980"
"old",1975,"gmst",0.00145209950764219,"relative to 1951-1980"
"old",1976,"gmst",0.0136838786357395,"relative to 1951-1980"
"old",1977,"gmst",0.0342775422695698,"relative to 1951-1980"
"old",1978,"gmst",0.0551296704251599,"relative to 1951-1980"
"old",1979,"gmst",0.0729088841438457,"relative to 1951-1980"
"old",1980,"gmst",0.0869293257889862,"relative to 1951-1980"
"old",1981,"gmst",0.101406086070486,"relative to 1951-1980"
"old",1982,"gmst",0.0965647779520109,"relative to 1951-1980"
"old",1983,"gmst",0.059772836533775,"relative to 1951-1980"
"old",1984,"gmst",0.07095056333922,"relative to 1951-1980"
"old",1985,"gmst",0.101739144853377,"relative to 1951-1980"
"old",1986,"gmst",0.129167079916337,"relative to 1951-1980"
"old",1987,"gmst",0.155513274067492,"relative to 1951-1980"
"old",1988,"gmst",0.183428399835504,"relative to 1951-1980"
"old",1989,"gmst",0.211667152310475,"relative to 1951-1980"
"old",1990,"gmst",0.236363040415922,"relative to 1951-1980"
"old",1991,"gmst",0.209772933430248,"relative to 1951-1980"
"old",1992,"gmst",0.102178538575966,"relative to 1951-1980"
"old",1993,"gmst",0.0950474662713421,"relative to 1951-1980"
"old",1994,"gmst",0.152318791907627,"relative to 1951-1980"
"old",1995,"gmst",0.215068262551137,"relative to 1951-1980"
"old",1996,"gmst",0.268817750088179,"relative to 1951-1980"
"old",1997,"gmst",0.303604389953695,"relative to 1951-1980"
"old",1998,"gmst",0.335716813255779,"relative to 1951-1980"
"old",1999,"gmst",0.374379770293614,"relative to 1951-1980"
"old",2000,"gmst",0.40961080367701,"relative to 1951-1980"
"old",2001,"gmst",0.439692682203634,"relative to 1951-1980"
"old",2002,"gmst",0.461332689917478,"relative to 1951-1980"
"old",2003,"gmst",0.478774548625704,"relative to 1951-1980"
"old",2004,"gmst",0.498636303809525,"relative to 1951-1980"
"old",2005,"gmst",0.515152051806236,"relative to 1951-1980"
"old",1745,"OHC",-229.11058744144,"2005-2014 base period"
"old",1746,"OHC",-229.11058744144,"2005-2014 base period"
"old",1747,"OHC",-229.11058744144,"2005-2014 base period"
"old",1748,"OHC",-229.11058744144,"2005-2014 base period"
"old",1749,"OHC",-229.11058744144,"2005-2014 base period"
"old",1750,"OHC",-229.11058744144,"2005-2014 base period"
"old",1751,"OHC",-229.053794497534,"2005-2014 base period"
"old",1752,"OHC",-228.900481245781,"2005-2014 base period"
"old",1753,"OHC",-228.718658940893,"2005-2014 base period"
"old",1754,"OHC",-228.592360212018,"2005-2014 base period"
"old",1755,"OHC",-228.631676128955,"2005-2014 base period"
"old",1756,"OHC",-230.348159862865,"2005-2014 base period"
"old",1757,"OHC",-232.671789791094,"2005-2014 base period"
"old",1758,"OHC",-233.43078926726,"2005-2014 base period"
"old",1759,"OHC",-233.347231553447,"2005-2014 base period"
"old",1760,"OHC",-233.031551043644,"2005-2014 base period"
"old",1761,"OHC",-232.648355771534,"2005-2014 base period"
"old",1762,"OHC",-238.576939598573,"2005-2014 base period"
"old",1763,"OHC",-248.596928349546,"2005-2014 base period"
"old",1764,"OHC",-253.279416690012,"2005-2014 base period"
"old",1765,"OHC",-253.786674888642,"2005-2014 base period"
"old",1766,"OHC",-255.255673905319,"2005-2014 base period"
"old",1767,"OHC",-259.041485121935,"2005-2014 base period"
"old",1768,"OHC",-261.35656288463,"2005-2014 base period"
"old",1769,"OHC",-261.10010110494,"2005-2014 base period"
"old",1770,"OHC",-260.798583565326,"2005-2014 base period"
"old",1771,"OHC",-260.824478888952,"2005-2014 base period"
"old",1772,"OHC",-260.0356934333,"2005-2014 base period"
"old",1773,"OHC",-258.730326074888,"2005-2014 base period"
"old",1774,"OHC",-257.433196314403,"2005-2014 base period"
"old",1775,"OHC",-256.220944682357,"2005-2014 base period"
"old",1776,"OHC",-255.019355066102,"2005-2014 base period"
"old",1777,"OHC",-253.908485521666,"2005-2014 base period"
"old",1778,"OHC",-252.925517861384,"2005-2014 base period"
"old",1779,"OHC",-252.002053024989,"2005-2014 base period"
"old",1780,"OHC",-251.158823759632,"2005-2014 base period"
"old",1781,"OHC",-250.377273029219,"2005-2014 base period"
"old",1782,"OHC",-249.591318880674,"2005-2014 base period"
"old",1783,"OHC",-261.419330746997,"2005-2014 base period"
"old",1784,"OHC",-298.411514002812,"2005-2014 base period"
"old",1785,"OHC",-331.668672070213,"2005-2014 base period"
"old",1786,"OHC",-342.093821717066,"2005-2014 base period"
"old",1787,"OHC",-342.986833163848,"2005-2014 base period"
"old",1788,"OHC",-339.936159787006,"2005-2014 base period"
"old",1789,"OHC",-335.588038245759,"2005-2014 base period"
"old",1790,"OHC",-331.145810038561,"2005-2014 base period"
"old",1791,"OHC",-326.984325262899,"2005-2014 base period"
"old",1792,"OHC",-323.148934983492,"2005-2014 base period"
"old",1793,"OHC",-319.681712855736,"2005-2014 base period"
"old",1794,"OHC",-316.649857832277,"2005-2014 base period"
"old",1795,"OHC",-313.93783852268,"2005-2014 base period"
"old",1796,"OHC",-312.294173102121,"2005-2014 base period"
"old",1797,"OHC",-312.408494233594,"2005-2014 base period"
"old",1798,"OHC",-312.605544399168,"2005-2014 base period"
"old",1799,"OHC",-311.544041323204,"2005-2014 base period"
"old",1800,"OHC",-309.76531630518,"2005-2014 base period"
"old",1801,"OHC",-307.793407928766,"2005-2014 base period"
"old",1802,"OHC",-305.818163077994,"2005-2014 base period"
"old",1803,"OHC",-303.901817544534,"2005-2014 base period"
"old",1804,"OHC",-302.007153590172,"2005-2014 base period"
"old",1805,"OHC",-300.233506891191,"2005-2014 base period"
"old",1806,"OHC",-298.576678844358,"2005-2014 base period"
"old",1807,"OHC",-296.981322091376,"2005-2014 base period"
"old",1808,"OHC",-295.53741843256,"2005-2014 base period"
"old",1809,"OHC",-319.136926271473,"2005-2014 base period"
"old",1810,"OHC",-359.126894741656,"2005-2014 base period"
"old",1811,"OHC",-378.535566316445,"2005-2014 base period"
"old",1812,"OHC",-381.048218976285,"2005-2014 base period"
"old",1813,"OHC",-377.620671996104,"2005-2014 base period"
"old",1814,"OHC",-372.723286649855,"2005-2014 base period"
"old",1815,"OHC",-392.473505660804,"2005-2014 base period"
"old",1816,"OHC",-443.023435820405,"2005-2014 base period"
"old",1817,"OHC",-478.653396473881,"2005-2014 base period"
"old",1818,"OHC",-484.786631919325,"2005-2014 base period"
"old",1819,"OHC",-479.757159296529,"2005-2014 base period"
"old",1820,"OHC",-471.639117881467,"2005-2014 base period"
"old",1821,"OHC",-463.952971189558,"2005-2014 base period"
"old",1822,"OHC",-457.54023142503,"2005-2014 base period"
"old",1823,"OHC",-454.197729356364,"2005-2014 base period"
"old",1824,"OHC",-451.989332155547,"2005-2014 base period"
"old",1825,"OHC",-447.52828293457,"2005-2014 base period"
"old",1826,"OHC",-442.139210759949,"2005-2014 base period"
"old",1827,"OHC",-436.686940375993,"2005-2014 base period"
"old",1828,"OHC",-431.584466671751,"2005-2014 base period"
"old",1829,"OHC",-426.836710738277,"2005-2014 base period"
"old",1830,"OHC",-422.36937435508,"2005-2014 base period"
"old",1831,"OHC",-435.198888560768,"2005-2014 base period"
"old",1832,"OHC",-459.189219617039,"2005-2014 base period"
"old",1833,"OHC",-469.237505083971,"2005-2014 base period"
"old",1834,"OHC",-468.202560310344,"2005-2014 base period"
"old",1835,"OHC",-475.838702749054,"2005-2014 base period"
"old",1836,"OHC",-490.539383702284,"2005-2014 base period"
"old",1837,"OHC",-494.922862341,"2005-2014 base period"
"old",1838,"OHC",-491.351530104666,"2005-2014 base period"
"old",1839,"OHC",-485.220215590773,"2005-2014 base period"
"old",1840,"OHC",-478.630214992473,"2005-2014 base period"
"old",1841,"OHC",-472.283261569781,"2005-2014 base period"
"old",1842,"OHC",-466.326699999854,"2005-2014 base period"
"old",1843,"OHC",-460.712360782576,"2005-2014 base period"
"old",1844,"OHC",-455.388467674262,"2005-2014 base period"
"old",1845,"OHC",-450.423182103541,"2005-2014 base period"
"old",1846,"OHC",-447.027499490442,"2005-2014 base period"
"old",1847,"OHC",-444.679716095859,"2005-2014 base period"
"old",1848,"OHC",-441.562201372717,"2005-2014 base period"
"old",1849,"OHC",-437.783213400315,"2005-2014 base period"
"old",1850,"OHC",-433.822801354537,"2005-2014 base period"
"old",1851,"OHC",-429.838904502759,"2005-2014 base period"
"old",1852,"OHC",-425.886951495978,"2005-2014 base period"
"old",1853,"OHC",-423.225615364867,"2005-2014 base period"
"old",1854,"OHC",-422.096586399528,"2005-2014 base period"
"old",1855,"OHC",-420.298590496686,"2005-2014 base period"
"old",1856,"OHC",-417.470516113226,"2005-2014 base period"
"old",1857,"OHC",-415.802852507532,"2005-2014 base period"
"old",1858,"OHC",-414.414304912775,"2005-2014 base period"
"old",1859,"OHC",-411.639250040988,"2005-2014 base period"
"old",1860,"OHC",-408.287822251389,"2005-2014 base period"
"old",1861,"OHC",-405.272050448767,"2005-2014 base period"
"old",1862,"OHC",-407.925408147268,"2005-2014 base period"
"old",1863,"OHC",-412.974653821839,"2005-2014 base period"
"old",1864,"OHC",-413.011539465875,"2005-2014 base period"
"old",1865,"OHC",-410.118446033402,"2005-2014 base period"
"old",1866,"OHC",-406.333583021,"2005-2014 base period"
"old",1867,"OHC",-402.403792124379,"2005-2014 base period"
"old",1868,"OHC",-398.650800799513,"2005-2014 base period"
"old",1869,"OHC",-395.03430490614,"2005-2014 base period"
"old",1870,"OHC",-391.540686984785,"2005-2014 base period"
"old",1871,"OHC",-388.140676451316,"2005-2014 base period"
"old",1872,"OHC",-384.766138405972,"2005-2014 base period"
"old",1873,"OHC",-382.978719855984,"2005-2014 base period"
"old",1874,"OHC",-381.900639423288,"2005-2014 base period"
"old",1875,"OHC",-379.792094618832,"2005-2014 base period"
"old",1876,"OHC",-377.434282455219,"2005-2014 base period"
"old",1877,"OHC",-374.762380002968,"2005-2014 base period"
"old",1878,"OHC",-371.737921046319,"2005-2014 base period"
"old",1879,"OHC",-368.686828845592,"2005-2014 base period"
"old",1880,"OHC",-366.001721567378,"2005-2014 base period"
"old",1881,"OHC",-363.657066825886,"2005-2014 base period"
"old",1882,"OHC",-361.074184308298,"2005-2014 base period"
"old",1883,"OHC",-361.801340937031,"2005-2014 base period"
"old",1884,"OHC",-376.447999756379,"2005-2014 base period"
"old",1885,"OHC",-392.573491730594,"2005-2014 base period"
"old",1886,"OHC",-395.618778101821,"2005-2014 base period"
"old",1887,"OHC",-393.862831979179,"2005-2014 base period"
"old",1888,"OHC",-390.692571625283,"2005-2014 base period"
"old",1889,"OHC",-386.293478217769,"2005-2014 base period"
"old",1890,"OHC",-382.647616982257,"2005-2014 base period"
"old",1891,"OHC",-381.29091164125,"2005-2014 base period"
"old",1892,"OHC",-379.916326490104,"2005-2014 base period"
"old",1893,"OHC",-376.557367026739,"2005-2014 base period"
"old",1894,"OHC",-372.601659862875,"2005-2014 base period"
"old",1895,"OHC",-368.840523093112,"2005-2014 base period"
"old",1896,"OHC",-365.212519985734,"2005-2014 base period"
"old",1897,"OHC",-361.765611112146,"2005-2014 base period"
"old",1898,"OHC",-358.515168318892,"2005-2014 base period"
"old",1899,"OHC",-355.517805592577,"2005-2014 base period"
"old",1900,"OHC",-352.756704503022,"2005-2014 base period"
"old",1901,"OHC",-350.067061010539,"2005-2014 base period"
"old",1902,"OHC",-348.132169684756,"2005-2014 base period"
"old",1903,"OHC",-352.601437443727,"2005-2014 base period"
"old",1904,"OHC",-359.382966139348,"2005-2014 base period"
"old",1905,"OHC",-360.355064575635,"2005-2014 base period"
"old",1906,"OHC",-358.09430454772,"2005-2014 base period"
"old",1907,"OHC",-356.162845728049,"2005-2014 base period"
"old",1908,"OHC",-354.715146160702,"2005-2014 base period"
"old",1909,"OHC",-352.324559823092,"2005-2014 base period"
"old",1910,"OHC",-349.677417863434,"2005-2014 base period"
"old",1911,"OHC",-347.125331031926,"2005-2014 base period"
"old",1912,"OHC",-347.676576915282,"2005-2014 base period"
"old",1913,"OHC",-351.826911740837,"2005-2014 base period"
"old",1914,"OHC",-353.810427532852,"2005-2014 base period"
"old",1915,"OHC",-352.001203910262,"2005-2014 base period"
"old",1916,"OHC",-349.02519929148,"2005-2014 base period"
"old",1917,"OHC",-346.187107080248,"2005-2014 base period"
"old",1918,"OHC",-343.505469331038,"2005-2014 base period"
"old",1919,"OHC",-340.517136276881,"2005-2014 base period"
"old",1920,"OHC",-337.448781001351,"2005-2014 base period"
"old",1921,"OHC",-334.223614064798,"2005-2014 base period"
"old",1922,"OHC",-331.416467466486,"2005-2014 base period"
"old",1923,"OHC",-329.603169584867,"2005-2014 base period"
"old",1924,"OHC",-327.393617863568,"2005-2014 base period"
"old",1925,"OHC",-324.608931130603,"2005-2014 base period"
"old",1926,"OHC",-321.828459541904,"2005-2014 base period"
"old",1927,"OHC",-319.217396372439,"2005-2014 base period"
"old",1928,"OHC",-316.925181279158,"2005-2014 base period"
"old",1929,"OHC",-316.047822312119,"2005-2014 base period"
"old",1930,"OHC",-314.992370173707,"2005-2014 base period"
"old",1931,"OHC",-312.001786554529,"2005-2014 base period"
"old",1932,"OHC",-309.245821622298,"2005-2014 base period"
"old",1933,"OHC",-306.58113544465,"2005-2014 base period"
"old",1934,"OHC",-303.286525018068,"2005-2014 base period"
"old",1935,"OHC",-300.177765803328,"2005-2014 base period"
"old",1936,"OHC",-297.462579339198,"2005-2014 base period"
"old",1937,"OHC",-295.121523255116,"2005-2014 base period"
"old",1938,"OHC",-292.629017422702,"2005-2014 base period"
"old",1939,"OHC",-290.05835979811,"2005-2014 base period"
"old",1940,"OHC",-287.890360421765,"2005-2014 base period"
"old",1941,"OHC",-285.954740008909,"2005-2014 base period"
"old",1942,"OHC",-284.14021649238,"2005-2014 base period"
"old",1943,"OHC",-282.340016078171,"2005-2014 base period"
"old",1944,"OHC",-280.350161360842,"2005-2014 base period"
"old",1945,"OHC",-277.740720899251,"2005-2014 base period"
"old",1946,"OHC",-274.535887458197,"2005-2014 base period"
"old",1947,"OHC",-271.535545858136,"2005-2014 base period"
"old",1948,"OHC",-268.956711043317,"2005-2014 base period"
"old",1949,"OHC",-266.37351701994,"2005-2014 base period"
"old",1950,"OHC",-264.032252087395,"2005-2014 base period"
"old",1951,"OHC",-261.942965662273,"2005-2014 base period"
"old",1952,"OHC",-259.755423763367,"2005-2014 base period"
"old",1953,"OHC",-257.571066457063,"2005-2014 base period"
"old",1954,"OHC",-255.280254006992,"2005-2014 base period"
"old",1955,"OHC",-253.077472296901,"2005-2014 base period"
"old",1956,"OHC",-251.293423434208,"2005-2014 base period"
"old",1957,"OHC",-249.834796117378,"2005-2014 base period"
"old",1958,"OHC",-248.189806914653,"2005-2014 base period"
"old",1959,"OHC",-246.278071364688,"2005-2014 base period"
"old",1960,"OHC",-244.362975146845,"2005-2014 base period"
"old",1961,"OHC",-243.096776777792,"2005-2014 base period"
"old",1962,"OHC",-243.392784193665,"2005-2014 base period"
"old",1963,"OHC",-249.80405475084,"2005-2014 base period"
"old",1964,"OHC",-260.236115959462,"2005-2014 base period"
"old",1965,"OHC",-266.834537481676,"2005-2014 base period"
"old",1966,"OHC",-267.564451226979,"2005-2014 base period"
"old",1967,"OHC",-266.23467470041,"2005-2014 base period"
"old",1968,"OHC",-265.386776280687,"2005-2014 base period"
"old",1969,"OHC",-263.264189897024,"2005-2014 base period"
"old",1970,"OHC",-260.618841445857,"2005-2014 base period"
"old",1971,"OHC",-258.665258911025,"2005-2014 base period"
"old",1972,"OHC",-256.768434093804,"2005-2014 base period"
"old",1973,"OHC",-253.486168602369,"2005-2014 base period"
"old",1974,"OHC",-249.356873304619,"2005-2014 base period"
"old",1975,"OHC",-247.04890340528,"2005-2014 base period"
"old",1976,"OHC",-244.866505033994,"2005-2014 base period"
"old",1977,"OHC",-240.211643206283,"2005-2014 base period"
"old",1978,"OHC",-234.342604157789,"2005-2014 base period"
"old",1979,"OHC",-228.060237311604,"2005-2014 base period"
"old",1980,"OHC",-221.844585994444,"2005-2014 base period"
"old",1981,"OHC",-215.577982666612,"2005-2014 base period"
"old",1982,"OHC",-210.744290730995,"2005-2014 base period"
"old",1983,"OHC",-210.543191870633,"2005-2014 base period"
"old",1984,"OHC",-209.935755172374,"2005-2014 base period"
"old",1985,"OHC",-204.124914955573,"2005-2014 base period"
"old",1986,"OHC",-196.211347865847,"2005-2014 base period"
"old",1987,"OHC",-187.603993647785,"2005-2014 base period"
"old",1988,"OHC",-178.111779981188,"2005-2014 base period"
"old",1989,"OHC",-167.743872973876,"2005-2014 base period"
"old",1990,"OHC",-156.988603597694,"2005-2014 base period"
"old",1991,"OHC",-150.525695422655,"2005-2014 base period"
"old",1992,"OHC",-156.204595123137,"2005-2014 base period"
"old",1993,"OHC",-162.992977335739,"2005-2014 base period"
"old",1994,"OHC",-157.77695224397,"2005-2014 base period"
"old",1995,"OHC",-145.455165559672,"2005-2014 base period"
"old",1996,"OHC",-130.865926232874,"2005-2014 base period"
"old",1997,"OHC",-116.54777977757,"2005-2014 base period"
"old",1998,"OHC",-102.829837482436,"2005-2014 base period"
"old",1999,"OHC",-88.0976803155205,"2005-2014 base period"
"old",2000,"OHC",-72.4412797548606,"2005-2014 base period"
"old",2001,"OHC",-56.8256636286348,"2005-2014 base period"
"old",2002,"OHC",-41.8754711302841,"2005-2014 base period"
"old",2003,"OHC",-27.7911620944107,"2005-2014 base period"
"old",2004,"OHC",-13.8531830820062,"2005-2014 base period"
"old",2005,"OHC",0,"2005-2014 base period"
