"","variable","year","value"
"1","ch4",1750,720.8548
"2","ch4",1751,722.08014
"3","ch4",1752,723.3311
"4","ch4",1753,723.84
"5","ch4",1754,724.0494
"6","ch4",1755,724.24023
"7","ch4",1756,724.3392
"8","ch4",1757,724.5808
"9","ch4",1758,725.4735
"10","ch4",1759,726.3022
"11","ch4",1760,727.24677
"12","ch4",1761,728.0718
"13","ch4",1762,728.85
"14","ch4",1763,729.2629
"15","ch4",1764,729.7133
"16","ch4",1765,730.0648
"17","ch4",1766,730.37
"18","ch4",1767,730.6503
"19","ch4",1768,731.20996
"20","ch4",1769,731.8393
"21","ch4",1770,732.4835
"22","ch4",1771,733.15466
"23","ch4",1772,733.85394
"24","ch4",1773,734.67255
"25","ch4",1774,735.03107
"26","ch4",1775,735.3224
"27","ch4",1776,735.69366
"28","ch4",1777,736.0626
"29","ch4",1778,736.388
"30","ch4",1779,737.3029
"31","ch4",1780,738.29706
"32","ch4",1781,739.3366
"33","ch4",1782,740.14734
"34","ch4",1783,741.00415
"35","ch4",1784,741.28613
"36","ch4",1785,741.5487
"37","ch4",1786,741.8229
"38","ch4",1787,742.1184
"39","ch4",1788,742.3667
"40","ch4",1789,742.6997
"41","ch4",1790,743.0447
"42","ch4",1791,743.3706
"43","ch4",1792,743.75854
"44","ch4",1793,744.14746
"45","ch4",1794,744.88696
"46","ch4",1795,745.463
"47","ch4",1796,746.1833
"48","ch4",1797,746.8853
"49","ch4",1798,747.50336
"50","ch4",1799,747.95856
"51","ch4",1800,748.6233
"52","ch4",1801,749.34814
"53","ch4",1802,750.0791
"54","ch4",1803,750.6937
"55","ch4",1804,751.64124
"56","ch4",1805,752.59863
"57","ch4",1806,753.5761
"58","ch4",1807,754.5919
"59","ch4",1808,755.64136
"60","ch4",1809,756.81067
"61","ch4",1810,757.95605
"62","ch4",1811,758.9457
"63","ch4",1812,759.9509
"64","ch4",1813,761.17487
"65","ch4",1814,762.6759
"66","ch4",1815,764.1777
"67","ch4",1816,765.74854
"68","ch4",1817,767.326
"69","ch4",1818,768.7917
"70","ch4",1819,770.2823
"71","ch4",1820,771.86884
"72","ch4",1821,773.51373
"73","ch4",1822,774.88586
"74","ch4",1823,776.10034
"75","ch4",1824,777.1873
"76","ch4",1825,778.1969
"77","ch4",1826,779.17554
"78","ch4",1827,780.0322
"79","ch4",1828,780.83936
"80","ch4",1829,781.69824
"81","ch4",1830,782.4866
"82","ch4",1831,783.23065
"83","ch4",1832,783.9886
"84","ch4",1833,784.86096
"85","ch4",1834,785.8822
"86","ch4",1835,786.9591
"87","ch4",1836,788.1029
"88","ch4",1837,788.83514
"89","ch4",1838,789.45416
"90","ch4",1839,790.0118
"91","ch4",1840,790.1644
"92","ch4",1841,790.51373
"93","ch4",1842,791.1774
"94","ch4",1843,792.03973
"95","ch4",1844,793.18896
"96","ch4",1845,794.86945
"97","ch4",1846,795.9599
"98","ch4",1847,796.9034
"99","ch4",1848,797.5085
"100","ch4",1849,798.2651
"101","ch4",1850,798.79926
"102","ch4",1851,799.1343
"103","ch4",1852,799.6845
"104","ch4",1853,800.4311
"105","ch4",1854,801.3929
"106","ch4",1855,802.77905
"107","ch4",1856,804.3958
"108","ch4",1857,805.9413
"109","ch4",1858,807.847
"110","ch4",1859,809.9102
"111","ch4",1860,812.11566
"112","ch4",1861,814.6943
"113","ch4",1862,817.00903
"114","ch4",1863,819.82996
"115","ch4",1864,822.8782
"116","ch4",1865,825.91797
"117","ch4",1866,829.27045
"118","ch4",1867,832.4238
"119","ch4",1868,834.8475
"120","ch4",1869,836.6992
"121","ch4",1870,838.5808
"122","ch4",1871,840.6078
"123","ch4",1872,842.38947
"124","ch4",1873,844.18463
"125","ch4",1874,845.91187
"126","ch4",1875,847.45056
"127","ch4",1876,848.9568
"128","ch4",1877,850.3754
"129","ch4",1878,851.6116
"130","ch4",1879,852.83856
"131","ch4",1880,854.5763
"132","ch4",1881,856.4181
"133","ch4",1882,858.177
"134","ch4",1883,860.12585
"135","ch4",1884,862.29846
"136","ch4",1885,864.77814
"137","ch4",1886,867.3069
"138","ch4",1887,869.9095
"139","ch4",1888,873.2229
"140","ch4",1889,877.4022
"141","ch4",1890,880.21906
"142","ch4",1891,882.7593
"143","ch4",1892,885.5133
"144","ch4",1893,888.51154
"145","ch4",1894,892.0517
"146","ch4",1895,895.6895
"147","ch4",1896,899.27124
"148","ch4",1897,901.76434
"149","ch4",1898,903.6866
"150","ch4",1899,905.5435
"151","ch4",1900,907.6626
"152","ch4",1901,909.70807
"153","ch4",1902,913.1248
"154","ch4",1903,917.1863
"155","ch4",1904,922.413
"156","ch4",1905,927.75964
"157","ch4",1906,933.3427
"158","ch4",1907,937.03625
"159","ch4",1908,941.1984
"160","ch4",1909,946.34125
"161","ch4",1910,951.75946
"162","ch4",1911,957.9007
"163","ch4",1912,964.29584
"164","ch4",1913,970.5161
"165","ch4",1914,974.45264
"166","ch4",1915,978.70337
"167","ch4",1916,983.43506
"168","ch4",1917,988.7853
"169","ch4",1918,994.25574
"170","ch4",1919,998.3229
"171","ch4",1920,1003.78766
"172","ch4",1921,1009.85315
"173","ch4",1922,1014.8926
"174","ch4",1923,1020.6547
"175","ch4",1924,1026.7754
"176","ch4",1925,1031.654
"177","ch4",1926,1037.513
"178","ch4",1927,1042.0635
"179","ch4",1928,1046.2665
"180","ch4",1929,1050.36
"181","ch4",1930,1055.4187
"182","ch4",1931,1059.6307
"183","ch4",1932,1063.9447
"184","ch4",1933,1068.3408
"185","ch4",1934,1072.9014
"186","ch4",1935,1077.5043
"187","ch4",1936,1082.725
"188","ch4",1937,1087.3102
"189","ch4",1938,1091.9843
"190","ch4",1939,1095.9309
"191","ch4",1940,1100.0146
"192","ch4",1941,1105.2523
"193","ch4",1942,1110.287
"194","ch4",1943,1115.0511
"195","ch4",1944,1122.5753
"196","ch4",1945,1130.4346
"197","ch4",1946,1138.499
"198","ch4",1947,1147.0487
"199","ch4",1948,1153.7858
"200","ch4",1949,1160.2513
"201","ch4",1950,1165.0159
"202","ch4",1951,1170.0625
"203","ch4",1952,1177.2667
"204","ch4",1953,1186.202
"205","ch4",1954,1196.9535
"206","ch4",1955,1208.8506
"207","ch4",1956,1222.6984
"208","ch4",1957,1235.1564
"209","ch4",1958,1244.6722
"210","ch4",1959,1252.3525
"211","ch4",1960,1262.9752
"212","ch4",1961,1274.44
"213","ch4",1962,1288.2925
"214","ch4",1963,1302.7885
"215","ch4",1964,1316.2968
"216","ch4",1965,1331.4832
"217","ch4",1966,1346.6862
"218","ch4",1967,1360.6283
"219","ch4",1968,1375.7056
"220","ch4",1969,1395.4908
"221","ch4",1970,1412.8004
"222","ch4",1971,1430.5983
"223","ch4",1972,1447.787
"224","ch4",1973,1462.3563
"225","ch4",1974,1479.2399
"226","ch4",1975,1496.2742
"227","ch4",1976,1512.9558
"228","ch4",1977,1529.7163
"229","ch4",1978,1547.4382
"230","ch4",1979,1565.2207
"231","ch4",1980,1583.9426
"232","ch4",1981,1601.0251
"233","ch4",1982,1616.9751
"234","ch4",1983,1633.2029
"235","ch4",1984,1646.8208
"236","ch4",1985,1659.9908
"237","ch4",1986,1672.9498
"238","ch4",1987,1686.08
"239","ch4",1988,1698.8643
"240","ch4",1989,1708.8883
"241","ch4",1990,1719.9836
"242","ch4",1991,1732.0286
"243","ch4",1992,1744.0833
"244","ch4",1993,1746.2545
"245","ch4",1994,1749.6687
"246","ch4",1995,1757.259
"247","ch4",1996,1758.647
"248","ch4",1997,1762.4814
"249","ch4",1998,1772.2845
"250","ch4",1999,1779.5907
"251","ch4",2000,1778.9182
"252","ch4",2001,1779.1799
"253","ch4",2002,1781.4246
"254","ch4",2003,1787.357
"255","ch4",2004,1789.1829
"256","ch4",2005,1786.484
"257","ch4",2006,1786.2482
"258","ch4",2007,1790.932
"259","ch4",2008,1800.4309
"260","ch4",2009,1804.3069
"261","ch4",2010,1809.6775
"262","ch4",2011,1813.6029
"263","ch4",2012,1818.2589
"264","ch4",2013,1824.6205
"265","ch4",2014,1834.5485
"266","ch4",2015,1845.9594
"267","ch4",2016,1852.3977
"268","ch4",2017,1859.3855
"269","ch4",2018,1869.5219
"270","ch4",2019,1877.2648
"271","ch4",2020,1889.4786
"272","ch4",2021,1906.1812
"273","ch4",2022,1922.0865
"274","co2",1750,278.00745
"275","co2",1751,278.0183
"276","co2",1752,278.02832
"277","co2",1753,278.03833
"278","co2",1754,278.05832
"279","co2",1755,278.0783
"280","co2",1756,278.08838
"281","co2",1757,278.0984
"282","co2",1758,278.1084
"283","co2",1759,278.11838
"284","co2",1760,278.1384
"285","co2",1761,278.15848
"286","co2",1762,278.18848
"287","co2",1763,278.2285
"288","co2",1764,278.27847
"289","co2",1765,278.33847
"290","co2",1766,278.4086
"291","co2",1767,278.4786
"292","co2",1768,278.5586
"293","co2",1769,278.6386
"294","co2",1770,278.7286
"295","co2",1771,278.82874
"296","co2",1772,278.92874
"297","co2",1773,279.03873
"298","co2",1774,279.15875
"299","co2",1775,279.27875
"300","co2",1776,279.39886
"301","co2",1777,279.53888
"302","co2",1778,279.66888
"303","co2",1779,279.81888
"304","co2",1780,279.9689
"305","co2",1781,280.1291
"306","co2",1782,280.2891
"307","co2",1783,280.4491
"308","co2",1784,280.5891
"309","co2",1785,280.7291
"310","co2",1786,280.85934
"311","co2",1787,280.96936
"312","co2",1788,281.07935
"313","co2",1789,281.17935
"314","co2",1790,281.26938
"315","co2",1791,281.3596
"316","co2",1792,281.42966
"317","co2",1793,281.49966
"318","co2",1794,281.56967
"319","co2",1795,281.63968
"320","co2",1796,281.7198
"321","co2",1797,281.79993
"322","co2",1798,281.89005
"323","co2",1799,281.99017
"324","co2",1800,282.09036
"325","co2",1801,282.19034
"326","co2",1802,282.29108
"327","co2",1803,282.38132
"328","co2",1804,282.4714
"329","co2",1805,282.5615
"330","co2",1806,282.63165
"331","co2",1807,282.71185
"332","co2",1808,282.78168
"333","co2",1809,282.84167
"334","co2",1810,282.9117
"335","co2",1811,282.97192
"336","co2",1812,283.03207
"337","co2",1813,283.0921
"338","co2",1814,283.14218
"339","co2",1815,283.20233
"340","co2",1816,283.26273
"341","co2",1817,283.31293
"342","co2",1818,283.37292
"343","co2",1819,283.43295
"344","co2",1820,283.48303
"345","co2",1821,283.5331
"346","co2",1822,283.5733
"347","co2",1823,283.6036
"348","co2",1824,283.6238
"349","co2",1825,283.64404
"350","co2",1826,283.65408
"351","co2",1827,283.66455
"352","co2",1828,283.65463
"353","co2",1829,283.6446
"354","co2",1830,283.6363
"355","co2",1831,283.60583
"356","co2",1832,283.58588
"357","co2",1833,283.55606
"358","co2",1834,283.52625
"359","co2",1835,283.49646
"360","co2",1836,283.4679
"361","co2",1837,283.4379
"362","co2",1838,283.41824
"363","co2",1839,283.39862
"364","co2",1840,283.39935
"365","co2",1841,283.41974
"366","co2",1842,283.45044
"367","co2",1843,283.50076
"368","co2",1844,283.57162
"369","co2",1845,283.67303
"370","co2",1846,283.7834
"371","co2",1847,283.90488
"372","co2",1848,284.03497
"373","co2",1849,284.16592
"374","co2",1850,284.29727
"375","co2",1851,284.4198
"376","co2",1852,284.553
"377","co2",1853,284.67633
"378","co2",1854,284.80246
"379","co2",1855,284.91525
"380","co2",1856,285.0393
"381","co2",1857,285.1519
"382","co2",1858,285.27463
"383","co2",1859,285.39856
"384","co2",1860,285.52863
"385","co2",1861,285.6675
"386","co2",1862,285.8053
"387","co2",1863,285.94473
"388","co2",1864,286.0948
"389","co2",1865,286.25443
"390","co2",1866,286.4129
"391","co2",1867,286.58334
"392","co2",1868,286.76178
"393","co2",1869,286.94193
"394","co2",1870,287.1202
"395","co2",1871,287.31073
"396","co2",1872,287.49402
"397","co2",1873,287.6851
"398","co2",1874,287.85782
"399","co2",1875,288.04044
"400","co2",1876,288.22864
"401","co2",1877,288.41708
"402","co2",1878,288.6245
"403","co2",1879,288.84677
"404","co2",1880,289.08435
"405","co2",1881,289.344
"406","co2",1882,289.62625
"407","co2",1883,289.91943
"408","co2",1884,290.21768
"409","co2",1885,290.52563
"410","co2",1886,290.85428
"411","co2",1887,291.1866
"412","co2",1888,291.54547
"413","co2",1889,291.8928
"414","co2",1890,292.25064
"415","co2",1891,292.60403
"416","co2",1892,292.9522
"417","co2",1893,293.29785
"418","co2",1894,293.62997
"419","co2",1895,293.96564
"420","co2",1896,294.29776
"421","co2",1897,294.62247
"422","co2",1898,294.94858
"423","co2",1899,295.2918
"424","co2",1900,295.62943
"425","co2",1901,295.96298
"426","co2",1902,296.2952
"427","co2",1903,296.6414
"428","co2",1904,296.97116
"429","co2",1905,297.3131
"430","co2",1906,297.65298
"431","co2",1907,298.00452
"432","co2",1908,298.3119
"433","co2",1909,298.6394
"434","co2",1910,298.97116
"435","co2",1911,299.29382
"436","co2",1912,299.63647
"437","co2",1913,300.01077
"438","co2",1914,300.33453
"439","co2",1915,300.70645
"440","co2",1916,301.11765
"441","co2",1917,301.5375
"442","co2",1918,301.95987
"443","co2",1919,302.34058
"444","co2",1920,302.8176
"445","co2",1921,303.19128
"446","co2",1922,303.60464
"447","co2",1923,304.0356
"448","co2",1924,304.40506
"449","co2",1925,304.7461
"450","co2",1926,305.06744
"451","co2",1927,305.43045
"452","co2",1928,305.7359
"453","co2",1929,306.08398
"454","co2",1930,306.3782
"455","co2",1931,306.66232
"456","co2",1932,306.97437
"457","co2",1933,307.35864
"458","co2",1934,307.76636
"459","co2",1935,308.19263
"460","co2",1936,308.64774
"461","co2",1937,309.1062
"462","co2",1938,309.50693
"463","co2",1939,309.9403
"464","co2",1940,310.35413
"465","co2",1941,310.71228
"466","co2",1942,311.03076
"467","co2",1943,311.33582
"468","co2",1944,311.5977
"469","co2",1945,311.74896
"470","co2",1946,312.0315
"471","co2",1947,312.30106
"472","co2",1948,312.55502
"473","co2",1949,312.78305
"474","co2",1950,313.07913
"475","co2",1951,313.4099
"476","co2",1952,313.72485
"477","co2",1953,314.06958
"478","co2",1954,314.43265
"479","co2",1955,314.87228
"480","co2",1956,315.31595
"481","co2",1957,315.75888
"482","co2",1958,316.2324
"483","co2",1959,316.74454
"484","co2",1960,317.50543
"485","co2",1961,318.2684
"486","co2",1962,319.0376
"487","co2",1963,319.81918
"488","co2",1964,320.62097
"489","co2",1965,321.45096
"490","co2",1966,322.31555
"491","co2",1967,323.21872
"492","co2",1968,324.1639
"493","co2",1969,325.1533
"494","co2",1970,326.18716
"495","co2",1971,327.26596
"496","co2",1972,328.39044
"497","co2",1973,329.56064
"498","co2",1974,330.77502
"499","co2",1975,332.0342
"500","co2",1976,333.339
"501","co2",1977,334.68808
"502","co2",1978,336.07706
"503","co2",1979,337.49963
"504","co2",1980,338.94904
"505","co2",1981,340.41843
"506","co2",1982,340.88983
"507","co2",1983,342.39886
"508","co2",1984,344.06265
"509","co2",1985,345.51846
"510","co2",1986,347.00122
"511","co2",1987,348.77158
"512","co2",1988,351.27545
"513","co2",1989,352.8699
"514","co2",1990,354.0915
"515","co2",1991,355.40912
"516","co2",1992,356.30032
"517","co2",1993,357.01663
"518","co2",1994,358.37006
"519","co2",1995,360.33215
"520","co2",1996,362.12592
"521","co2",1997,363.3535
"522","co2",1998,366.07816
"523","co2",1999,367.93414
"524","co2",2000,369.2326
"525","co2",2001,370.80002
"526","co2",2002,372.9081
"527","co2",2003,375.4381
"528","co2",2004,377.0999
"529","co2",2005,379.01913
"530","co2",2006,381.16034
"531","co2",2007,382.763
"532","co2",2008,384.92792
"533","co2",2009,386.48972
"534","co2",2010,388.90118
"535","co2",2011,391.09216
"536","co2",2012,393.24405
"537","co2",2013,395.94574
"538","co2",2014,397.83267
"539","co2",2015,400.13632
"540","co2",2016,403.24927
"541","co2",2017,405.27396
"542","co2",2018,407.76276
"543","co2",2019,410.3672
"544","co2",2020,412.8737
"545","co2",2021,415.12598
"546","co2",2022,417.32025
"547","n2o",1750,266.57
"548","n2o",1751,266.6
"549","n2o",1752,266.63
"550","n2o",1753,266.67
"551","n2o",1754,266.7
"552","n2o",1755,266.73
"553","n2o",1756,266.76
"554","n2o",1757,266.79
"555","n2o",1758,266.82
"556","n2o",1759,266.85
"557","n2o",1760,266.88
"558","n2o",1761,266.91
"559","n2o",1762,266.94
"560","n2o",1763,266.97
"561","n2o",1764,267
"562","n2o",1765,267.03
"563","n2o",1766,267.06
"564","n2o",1767,267.09
"565","n2o",1768,267.12
"566","n2o",1769,267.15
"567","n2o",1770,267.18
"568","n2o",1771,267.21
"569","n2o",1772,267.25
"570","n2o",1773,267.28
"571","n2o",1774,267.31
"572","n2o",1775,267.34
"573","n2o",1776,267.37
"574","n2o",1777,267.41
"575","n2o",1778,267.44
"576","n2o",1779,267.47
"577","n2o",1780,267.5
"578","n2o",1781,267.54
"579","n2o",1782,267.57
"580","n2o",1783,267.61
"581","n2o",1784,267.64
"582","n2o",1785,267.68
"583","n2o",1786,267.71
"584","n2o",1787,267.75
"585","n2o",1788,267.78
"586","n2o",1789,267.82
"587","n2o",1790,267.85
"588","n2o",1791,267.89
"589","n2o",1792,267.93
"590","n2o",1793,267.97
"591","n2o",1794,268
"592","n2o",1795,268.04
"593","n2o",1796,268.08
"594","n2o",1797,268.12
"595","n2o",1798,268.16
"596","n2o",1799,268.2
"597","n2o",1800,268.24
"598","n2o",1801,268.28
"599","n2o",1802,268.33
"600","n2o",1803,268.37
"601","n2o",1804,268.41
"602","n2o",1805,268.45
"603","n2o",1806,268.5
"604","n2o",1807,268.54
"605","n2o",1808,268.59
"606","n2o",1809,268.63
"607","n2o",1810,268.68
"608","n2o",1811,268.73
"609","n2o",1812,268.78
"610","n2o",1813,268.82
"611","n2o",1814,268.87
"612","n2o",1815,268.92
"613","n2o",1816,268.97
"614","n2o",1817,269.03
"615","n2o",1818,269.08
"616","n2o",1819,269.13
"617","n2o",1820,269.18
"618","n2o",1821,269.24
"619","n2o",1822,269.29
"620","n2o",1823,269.35
"621","n2o",1824,269.41
"622","n2o",1825,269.46
"623","n2o",1826,269.52
"624","n2o",1827,269.58
"625","n2o",1828,269.64
"626","n2o",1829,269.7
"627","n2o",1830,269.76
"628","n2o",1831,269.83
"629","n2o",1832,269.89
"630","n2o",1833,269.96
"631","n2o",1834,270.02
"632","n2o",1835,270.09
"633","n2o",1836,270.16
"634","n2o",1837,270.22
"635","n2o",1838,270.29
"636","n2o",1839,270.36
"637","n2o",1840,270.37
"638","n2o",1841,270.48
"639","n2o",1842,270.6
"640","n2o",1843,270.72
"641","n2o",1844,270.84
"642","n2o",1845,270.97
"643","n2o",1846,271.09
"644","n2o",1847,271.21
"645","n2o",1848,271.33
"646","n2o",1849,271.45
"647","n2o",1850,271.57
"648","n2o",1851,271.69
"649","n2o",1852,271.82
"650","n2o",1853,271.94
"651","n2o",1854,272.06
"652","n2o",1855,272.19
"653","n2o",1856,272.31
"654","n2o",1857,272.43
"655","n2o",1858,272.56
"656","n2o",1859,272.68
"657","n2o",1860,272.8
"658","n2o",1861,272.93
"659","n2o",1862,273.04
"660","n2o",1863,273.16
"661","n2o",1864,273.27
"662","n2o",1865,273.38
"663","n2o",1866,273.49
"664","n2o",1867,273.6
"665","n2o",1868,273.7
"666","n2o",1869,273.8
"667","n2o",1870,273.89
"668","n2o",1871,273.99
"669","n2o",1872,274.08
"670","n2o",1873,274.18
"671","n2o",1874,274.27
"672","n2o",1875,274.37
"673","n2o",1876,274.47
"674","n2o",1877,274.57
"675","n2o",1878,274.67
"676","n2o",1879,274.78
"677","n2o",1880,274.89
"678","n2o",1881,275
"679","n2o",1882,275.13
"680","n2o",1883,275.25
"681","n2o",1884,275.39
"682","n2o",1885,275.52
"683","n2o",1886,275.66
"684","n2o",1887,275.81
"685","n2o",1888,275.95
"686","n2o",1889,276.11
"687","n2o",1890,276.2775
"688","n2o",1891,276.455
"689","n2o",1892,276.6425
"690","n2o",1893,276.83
"691","n2o",1894,277.0175
"692","n2o",1895,277.21497
"693","n2o",1896,277.42245
"694","n2o",1897,277.62994
"695","n2o",1898,277.85745
"696","n2o",1899,278.08496
"697","n2o",1900,278.32245
"698","n2o",1901,278.56995
"699","n2o",1902,278.81744
"700","n2o",1903,279.07492
"701","n2o",1904,279.3424
"702","n2o",1905,279.60992
"703","n2o",1906,279.88742
"704","n2o",1907,280.16492
"705","n2o",1908,280.4524
"706","n2o",1909,280.7399
"707","n2o",1910,281.02737
"708","n2o",1911,281.3249
"709","n2o",1912,281.62238
"710","n2o",1913,281.91986
"711","n2o",1914,282.21738
"712","n2o",1915,282.51486
"713","n2o",1916,282.80237
"714","n2o",1917,283.09985
"715","n2o",1918,283.38736
"716","n2o",1919,283.67484
"717","n2o",1920,283.95233
"718","n2o",1921,284.22983
"719","n2o",1922,284.4973
"720","n2o",1923,284.76483
"721","n2o",1924,285.0223
"722","n2o",1925,285.27982
"723","n2o",1926,285.5273
"724","n2o",1927,285.7748
"725","n2o",1928,286.02228
"726","n2o",1929,286.2598
"727","n2o",1930,286.48727
"728","n2o",1931,286.72476
"729","n2o",1932,286.95227
"730","n2o",1933,287.16977
"731","n2o",1934,287.38727
"732","n2o",1935,287.60477
"733","n2o",1936,287.82227
"734","n2o",1937,288.02975
"735","n2o",1938,288.23724
"736","n2o",1939,288.43472
"737","n2o",1940,288.63223
"738","n2o",1941,288.8297
"739","n2o",1942,289.02722
"740","n2o",1943,289.21472
"741","n2o",1944,289.40222
"742","n2o",1945,289.5897
"743","n2o",1946,289.7772
"744","n2o",1947,289.9747
"745","n2o",1948,290.1622
"746","n2o",1949,290.35968
"747","n2o",1950,290.56717
"748","n2o",1951,290.76468
"749","n2o",1952,290.98218
"750","n2o",1953,291.19965
"751","n2o",1954,291.42715
"752","n2o",1955,291.65466
"753","n2o",1956,291.89215
"754","n2o",1957,292.12964
"755","n2o",1958,292.38715
"756","n2o",1959,292.64462
"757","n2o",1960,292.9121
"758","n2o",1961,293.1896
"759","n2o",1962,293.48712
"760","n2o",1963,293.79462
"761","n2o",1964,294.1221
"762","n2o",1965,294.4596
"763","n2o",1966,294.8071
"764","n2o",1967,295.1846
"765","n2o",1968,295.57208
"766","n2o",1969,295.98956
"767","n2o",1970,296.41708
"768","n2o",1971,296.87457
"769","n2o",1972,297.34207
"770","n2o",1973,297.83957
"771","n2o",1974,298.34705
"772","n2o",1975,298.88455
"773","n2o",1976,299.43204
"774","n2o",1977,299.98953
"775","n2o",1978,300.56702
"776","n2o",1979,301.16452
"777","n2o",1980,301.772
"778","n2o",1981,302.38953
"779","n2o",1982,303.017
"780","n2o",1983,303.6645
"781","n2o",1984,304.31198
"782","n2o",1985,304.9895
"783","n2o",1986,305.667
"784","n2o",1987,306.36447
"785","n2o",1988,307.07196
"786","n2o",1989,307.78946
"787","n2o",1990,308.85883
"788","n2o",1991,309.57324
"789","n2o",1992,310.10666
"790","n2o",1993,310.52222
"791","n2o",1994,311.06284
"792","n2o",1995,311.50156
"793","n2o",1996,312.22943
"794","n2o",1997,312.99384
"795","n2o",1998,313.6924
"796","n2o",1999,314.6413
"797","n2o",2000,315.70068
"798","n2o",2001,316.4348
"799","n2o",2002,317.0646
"800","n2o",2003,317.72534
"801","n2o",2004,318.3673
"802","n2o",2005,319.07037
"803","n2o",2006,319.9035
"804","n2o",2007,320.6853
"805","n2o",2008,321.6385
"806","n2o",2009,322.34692
"807","n2o",2010,323.21054
"808","n2o",2011,324.19006
"809","n2o",2012,325.0818
"810","n2o",2013,326.0443
"811","n2o",2014,327.1559
"812","n2o",2015,328.20212
"813","n2o",2016,328.97482
"814","n2o",2017,329.8621
"815","n2o",2018,330.9976
"816","n2o",2019,331.91388
"817","n2o",2020,333.08655
"818","n2o",2021,334.36472
"819","n2o",2022,335.69165
